user_id,recency,recency_weighted,frequency,monetary,year_month,active_period,avg_period,response,r_w_score,f_score,m_score
741,22,24,1,0.0,2016.02,0,0,0,9,2,1
4305,34,40,1,0.0,2016.02,0,0,0,8,2,1
4323,32,38,1,0.0,2016.02,0,0,0,8,2,1
4299,34,40,1,0.0,2016.02,0,0,0,8,3,1
4306,34,40,1,0.0,2016.02,0,0,0,8,2,1
4298,34,40,1,0.0,2016.02,0,0,0,8,3,1
4322,32,38,1,0.0,2016.02,0,0,0,8,2,1
4324,32,38,1,0.0,2016.02,0,0,0,8,2,1
4307,34,40,1,0.0,2016.02,0,0,0,8,2,1
4304,34,40,1,0.0,2016.02,0,0,0,8,2,1
4302,34,40,1,0.0,2016.02,0,0,0,8,2,1
4311,33,39,1,0.0,2016.02,0,0,0,8,2,1
4325,32,38,1,0.0,2016.02,0,0,0,8,2,1
4301,34,40,1,0.0,2016.02,0,0,0,8,2,1
3486,134,214,5,0.0,2016.02,22,4,1,5,8,1
4331,32,38,1,0.0,2016.02,0,0,0,8,2,1
4598,1,1,1,0.0,2016.02,0,0,0,10,2,1
4313,33,39,1,0.0,2016.02,0,0,0,8,2,1
2186,112,179,31,0.0,2016.02,217,7,1,6,10,1
72,231,415,8,0.0,2016.02,112,14,1,3,9,1
1990,363,653,1,0.25,2016.02,0,0,0,1,4,1
2005,361,649,1,0.25,2016.02,0,0,0,1,4,1
2440,293,527,1,0.9,2016.02,0,0,0,2,4,1
2632,270,486,1,0.99,2016.02,0,0,0,2,4,1
4235,24,26,1,1.15,2016.02,0,0,0,8,2,1
3345,175,280,1,1.25,2016.02,0,0,0,4,2,1
1770,396,792,1,1.25,2016.02,0,0,0,1,4,1
3344,175,280,1,1.25,2016.02,0,0,0,4,2,1
3717,131,209,1,1.25,2016.02,0,0,0,5,1,1
944,244,439,5,1.3,2016.02,176,35,0,3,8,1
142,134,214,1,2.0,2016.02,0,0,0,5,1,1
2789,250,450,1,2.4,2016.02,0,0,0,3,5,1
3508,111,177,8,2.7,2016.02,45,5,1,6,9,1
1748,111,177,20,2.7,2016.02,167,8,1,6,10,1
2733,257,462,1,2.9,2016.02,0,0,0,2,4,1
4060,76,106,1,2.9,2016.02,0,0,0,7,3,1
4065,74,103,1,2.9,2016.02,0,0,0,7,3,1
2159,336,604,1,2.9,2016.02,0,0,0,1,5,1
2142,341,613,1,2.9,2016.02,0,0,0,1,4,1
3468,161,257,1,2.9,2016.02,0,0,0,4,2,1
3198,140,224,1,2.9,2016.02,0,0,0,5,1,1
3440,165,264,1,2.9,2016.02,0,0,0,4,2,1
2646,243,437,1,3.0,2016.02,0,0,0,3,5,1
3404,169,270,1,3.0,2016.02,0,0,0,4,2,1
3227,91,145,1,3.0,2016.02,0,0,0,6,3,1
2700,260,468,1,3.5,2016.02,0,0,0,2,4,1
2449,292,525,1,3.5,2016.02,0,0,0,2,4,1
4029,51,61,1,4.0,2016.02,0,0,0,7,3,1
2958,214,385,1,4.0,2016.02,0,0,0,3,5,1
1897,381,762,1,4.5,2016.02,0,0,0,1,4,1
1356,302,543,1,4.75,2016.02,0,0,0,2,4,1
2550,281,505,1,4.9,2016.02,0,0,0,2,3,1
2684,262,471,1,5.0,2016.02,0,0,0,2,4,1
2760,254,457,1,5.3,2016.02,0,0,0,2,4,1
2441,293,527,1,5.4,2016.02,0,0,0,2,4,1
3058,159,254,2,5.8,2016.02,52,26,1,4,7,1
4459,19,20,1,5.9,2016.02,0,0,0,9,2,1
1588,256,460,1,6.0,2016.02,0,0,0,2,4,1
2776,252,453,1,6.0,2016.02,0,0,0,2,4,1
2131,325,585,1,6.0,2016.02,0,0,0,1,5,1
2968,183,329,1,6.0,2016.02,0,0,0,4,1,1
2708,260,468,1,6.0,2016.02,0,0,0,2,4,1
2098,336,604,1,6.0,2016.02,0,0,0,1,5,1
2157,338,608,1,6.0,2016.02,0,0,0,1,5,1
1758,409,818,1,6.0,2016.02,0,0,0,1,3,1
2442,293,527,1,6.0,2016.02,0,0,0,2,4,1
2356,303,545,1,6.0,2016.02,0,0,0,2,4,1
3963,90,125,1,6.0,2016.02,0,0,0,6,3,1
2058,355,639,1,6.25,2016.02,0,0,0,1,4,1
4320,33,39,1,6.3,2016.02,0,0,0,8,2,1
1697,422,844,1,7.0,2016.02,0,0,0,1,1,1
2007,361,649,1,7.0,2016.02,0,0,0,1,4,1
1959,369,738,1,7.0,2016.02,0,0,0,1,4,1
2034,355,639,1,7.0,2016.02,0,0,0,1,4,1
2033,358,644,1,7.0,2016.02,0,0,0,1,4,1
4338,31,37,1,7.4,2016.02,0,0,0,8,2,1
3529,133,212,4,7.95,2016.02,21,5,1,5,8,1
101,250,450,1,8.58,2016.02,0,0,0,3,5,1
2612,271,487,1,8.9,2016.02,0,0,0,2,4,1
4163,50,60,1,8.9,2016.02,0,0,0,7,3,1
2865,239,430,1,9.5,2016.02,0,0,0,3,5,1
2128,338,608,1,9.55,2016.02,0,0,0,1,5,1
2999,205,369,1,9.75,2016.02,0,0,0,3,1,1
3843,113,180,1,10.0,2016.02,0,0,0,6,1,1
3492,158,252,1,10.0,2016.02,0,0,0,4,2,1
2306,281,505,1,10.0,2016.02,0,0,0,2,4,1
3938,97,155,1,10.0,2016.02,0,0,0,6,1,1
3159,194,349,1,10.0,2016.02,0,0,0,4,1,1
2244,320,576,1,10.0,2016.02,0,0,0,1,4,1
2420,295,531,1,10.0,2016.02,0,0,0,2,4,1
2040,358,644,1,10.0,2016.02,0,0,0,1,4,1
4020,82,114,1,10.0,2016.02,0,0,0,6,3,1
2740,257,462,1,10.0,2016.02,0,0,0,2,4,1
3483,159,254,1,10.25,2016.02,0,0,0,4,2,1
1563,111,177,1,10.25,2016.02,0,0,0,6,1,1
2822,246,442,1,10.25,2016.02,0,0,0,3,5,1
3872,107,171,1,10.3,2016.02,0,0,0,6,1,1
3909,100,160,1,10.4,2016.02,0,0,0,6,1,1
3466,161,257,1,10.4,2016.02,0,0,0,4,2,1
2530,284,511,1,10.4,2016.02,0,0,0,2,3,1
3131,199,358,1,10.4,2016.02,0,0,0,3,2,1
3322,176,281,1,10.4,2016.02,0,0,0,4,2,1
4225,41,49,1,10.4,2016.02,0,0,0,8,3,1
2952,229,412,1,10.4,2016.02,0,0,0,3,5,1
1980,364,655,1,10.5,2016.02,0,0,0,1,4,1
4027,82,114,1,10.5,2016.02,0,0,0,6,3,1
3398,157,251,1,10.5,2016.02,0,0,0,4,2,1
4071,71,99,1,10.5,2016.02,0,0,0,7,3,1
3575,122,195,1,10.5,2016.02,0,0,0,5,1,1
3324,169,270,1,10.5,2016.02,0,0,0,4,2,1
2147,340,612,1,10.5,2016.02,0,0,0,1,4,1
303,123,196,8,10.56,2016.02,45,5,1,5,9,1
2774,253,455,1,10.65,2016.02,0,0,0,2,4,1
2849,242,435,1,10.75,2016.02,0,0,0,3,5,1
2321,308,554,1,10.9,2016.02,0,0,0,1,5,1
3722,106,169,1,10.94,2016.02,0,0,0,6,1,1
2181,332,597,1,10.98,2016.02,0,0,0,1,5,1
2262,316,568,1,11.0,2016.02,0,0,0,1,4,1
3556,152,243,1,11.0,2016.02,0,0,0,5,2,1
4010,87,121,1,11.1,2016.02,0,0,0,6,3,1
3711,133,212,1,11.15,2016.02,0,0,0,5,1,1
1765,407,814,1,11.25,2016.02,0,0,0,1,4,1
2869,239,430,1,11.25,2016.02,0,0,0,3,5,1
4247,40,48,1,11.25,2016.02,0,0,0,8,3,1
1231,82,114,1,11.25,2016.02,0,0,0,6,3,1
4207,44,52,1,11.25,2016.02,0,0,0,7,3,1
3087,208,374,1,11.25,2016.02,0,0,0,3,1,1
2335,256,460,1,11.25,2016.02,0,0,0,2,4,1
3453,162,259,1,11.25,2016.02,0,0,0,4,2,1
2703,258,464,1,11.25,2016.02,0,0,0,2,4,1
4155,50,60,1,11.25,2016.02,0,0,0,7,3,1
3898,102,163,1,11.25,2016.02,0,0,0,6,1,1
4096,45,54,1,11.25,2016.02,0,0,0,7,3,1
3697,135,216,1,11.25,2016.02,0,0,0,5,1,1
2994,222,399,1,11.4,2016.02,0,0,0,3,5,1
4050,77,107,1,11.4,2016.02,0,0,0,7,3,1
3814,117,187,1,11.4,2016.02,0,0,0,5,1,1
3629,142,227,1,11.5,2016.02,0,0,0,5,1,1
1012,271,487,1,11.5,2016.02,0,0,0,2,4,1
4226,42,50,1,11.5,2016.02,0,0,0,8,3,1
3424,167,267,1,11.5,2016.02,0,0,0,4,2,1
310,408,816,1,11.5,2016.02,0,0,0,1,4,1
657,173,276,1,11.61,2016.02,0,0,0,4,2,1
2123,345,621,1,11.61,2016.02,0,0,0,1,4,1
3826,115,184,1,11.65,2016.02,0,0,0,5,1,1
3066,210,378,1,11.8,2016.02,0,0,0,3,5,1
3552,152,243,1,12.0,2016.02,0,0,0,5,2,1
3518,155,248,1,12.0,2016.02,0,0,0,5,2,1
3519,155,248,1,12.0,2016.02,0,0,0,5,2,1
2488,288,518,1,12.0,2016.02,0,0,0,2,3,1
4132,54,64,1,12.0,2016.02,0,0,0,7,3,1
3956,94,150,1,12.0,2016.02,0,0,0,6,3,1
2535,44,52,1,12.0,2016.02,0,0,0,7,3,1
3318,176,281,1,12.0,2016.02,0,0,0,4,2,1
2202,327,588,1,12.0,2016.02,0,0,0,1,5,1
4175,48,57,1,12.0,2016.02,0,0,0,7,3,1
2220,324,583,1,12.0,2016.02,0,0,0,1,5,1
3970,92,147,1,12.0,2016.02,0,0,0,6,3,1
4160,50,60,1,12.0,2016.02,0,0,0,7,3,1
4147,51,61,1,12.0,2016.02,0,0,0,7,3,1
2495,287,516,1,12.0,2016.02,0,0,0,2,3,1
3965,93,148,1,12.0,2016.02,0,0,0,6,3,1
3801,119,190,1,12.0,2016.02,0,0,0,5,1,1
2336,306,550,1,12.0,2016.02,0,0,0,1,5,1
1781,403,806,1,12.0,2016.02,0,0,0,1,5,1
3609,146,233,1,12.0,2016.02,0,0,0,5,1,1
3634,115,184,1,12.0,2016.02,0,0,0,5,1,1
3833,114,182,1,12.0,2016.02,0,0,0,6,1,1
2008,361,649,1,12.0,2016.02,0,0,0,1,4,1
3923,99,158,1,12.0,2016.02,0,0,0,6,1,1
2850,133,212,2,12.0,2016.02,96,48,0,5,6,1
3655,137,219,1,12.0,2016.02,0,0,0,5,1,1
2379,301,541,1,12.0,2016.02,0,0,0,2,4,1
2615,138,220,1,12.0,2016.02,0,0,0,5,1,1
3738,129,206,1,12.0,2016.02,0,0,0,5,1,1
2588,114,182,1,12.0,2016.02,0,0,0,6,1,1
2842,244,439,1,12.0,2016.02,0,0,0,3,5,1
1328,413,826,1,12.0,2016.02,0,0,0,1,4,1
2235,322,579,1,12.05,2016.02,0,0,0,1,5,1
957,255,459,1,12.4,2016.02,0,0,0,2,4,1
3907,101,161,1,12.4,2016.02,0,0,0,6,1,1
2608,273,491,1,12.4,2016.02,0,0,0,2,4,1
2519,285,513,1,12.49,2016.02,0,0,0,2,3,1
2906,235,423,1,12.5,2016.02,0,0,0,3,5,1
4007,85,118,1,12.5,2016.02,0,0,0,6,3,1
1923,357,642,1,12.5,2016.02,0,0,0,1,4,1
2911,189,340,1,12.5,2016.02,0,0,0,4,1,1
3981,91,145,1,12.5,2016.02,0,0,0,6,3,1
3849,111,177,1,12.5,2016.02,0,0,0,6,1,1
2365,292,525,1,12.5,2016.02,0,0,0,2,3,1
4036,80,112,1,12.5,2016.02,0,0,0,7,3,1
4260,38,45,1,12.5,2016.02,0,0,0,8,3,1
3806,118,188,1,12.5,2016.02,0,0,0,5,1,1
4119,55,66,1,12.5,2016.02,0,0,0,7,3,1
3656,127,203,1,12.5,2016.02,0,0,0,5,1,1
4073,70,98,1,12.5,2016.02,0,0,0,7,3,1
2260,318,572,1,12.5,2016.02,0,0,0,1,4,1
1747,411,822,1,12.5,2016.02,0,0,0,1,4,1
3471,161,257,1,12.5,2016.02,0,0,0,4,2,1
2167,309,556,1,12.65,2016.02,0,0,0,1,5,1
2117,343,617,1,12.75,2016.02,0,0,0,1,4,1
4346,30,33,1,12.8,2016.02,0,0,0,8,2,1
3141,196,352,1,12.9,2016.02,0,0,0,4,1,1
1670,213,383,1,12.9,2016.02,0,0,0,3,5,1
568,99,158,1,12.9,2016.02,0,0,0,6,1,1
3622,145,232,1,12.9,2016.02,0,0,0,5,1,1
2902,235,423,1,12.9,2016.02,0,0,0,3,5,1
3137,197,354,1,12.9,2016.02,0,0,0,4,2,1
3184,188,338,1,12.9,2016.02,0,0,0,4,1,1
2779,158,252,1,12.9,2016.02,0,0,0,4,2,1
4546,7,7,1,12.9,2016.02,0,0,0,10,2,1
3659,140,224,1,12.9,2016.02,0,0,0,5,1,1
2097,349,628,1,12.9,2016.02,0,0,0,1,4,1
3007,219,394,1,12.9,2016.02,0,0,0,3,5,1
3004,220,396,1,12.9,2016.02,0,0,0,3,5,1
4003,88,123,1,12.9,2016.02,0,0,0,6,3,1
2866,239,430,1,12.9,2016.02,0,0,0,3,5,1
2287,264,475,1,12.9,2016.02,0,0,0,2,4,1
3540,153,244,1,12.9,2016.02,0,0,0,5,2,1
2340,306,550,1,12.9,2016.02,0,0,0,2,4,1
2526,114,182,1,12.9,2016.02,0,0,0,6,1,1
3608,146,233,1,12.98,2016.02,0,0,0,5,1,1
2920,232,417,1,13.0,2016.02,0,0,0,3,5,1
2804,249,448,1,13.0,2016.02,0,0,0,3,5,1
4254,33,39,1,13.0,2016.02,0,0,0,8,2,1
3522,155,248,1,13.0,2016.02,0,0,0,5,2,1
2980,224,403,1,13.0,2016.02,0,0,0,3,5,1
3147,196,352,1,13.0,2016.02,0,0,0,4,1,1
2185,330,594,1,13.0,2016.02,0,0,0,1,5,2
2548,281,505,1,13.0,2016.02,0,0,0,2,3,2
736,334,601,1,13.0,2016.02,0,0,0,1,5,2
3385,171,273,1,13.0,2016.02,0,0,0,4,2,2
1148,288,518,1,13.0,2016.02,0,0,0,2,3,2
4278,36,43,1,13.0,2016.02,0,0,0,8,3,2
2357,302,543,1,13.0,2016.02,0,0,0,2,4,2
1816,395,790,1,13.0,2016.02,0,0,0,1,5,2
3375,172,275,1,13.0,2016.02,0,0,0,4,2,2
3812,115,184,1,13.0,2016.02,0,0,0,5,1,2
1953,370,740,1,13.05,2016.02,0,0,0,1,4,2
1041,379,758,1,13.05,2016.02,0,0,0,1,5,2
3480,160,256,1,13.15,2016.02,0,0,0,4,2,2
2819,228,410,1,13.25,2016.02,0,0,0,3,5,2
2216,325,585,1,13.4,2016.02,0,0,0,1,5,2
3614,145,232,1,13.41,2016.02,0,0,0,5,1,2
3582,149,238,1,13.5,2016.02,0,0,0,5,1,2
3779,123,196,1,13.5,2016.02,0,0,0,5,1,2
3645,142,227,1,13.5,2016.02,0,0,0,5,1,2
3506,151,241,1,13.5,2016.02,0,0,0,5,2,2
2272,316,568,1,13.5,2016.02,0,0,0,1,4,2
3503,157,251,1,13.5,2016.02,0,0,0,4,2,2
3408,169,270,1,13.5,2016.02,0,0,0,4,2,2
3388,171,273,1,13.5,2016.02,0,0,0,4,2,2
2119,341,613,1,13.5,2016.02,0,0,0,1,4,2
4056,71,99,1,13.5,2016.02,0,0,0,7,3,2
1736,414,828,1,13.5,2016.02,0,0,0,1,5,2
1267,341,613,1,13.5,2016.02,0,0,0,1,4,2
2279,161,257,1,13.5,2016.02,0,0,0,4,2,2
4308,34,40,1,13.5,2016.02,0,0,0,8,2,2
3631,144,230,1,13.5,2016.02,0,0,0,5,1,2
3691,136,217,1,13.5,2016.02,0,0,0,5,1,2
2800,249,448,1,13.5,2016.02,0,0,0,3,5,2
4034,80,112,1,13.5,2016.02,0,0,0,7,3,2
3547,153,244,2,13.64,2016.02,0,0,0,5,6,2
3787,121,193,1,13.8,2016.02,0,0,0,5,1,2
4269,37,44,1,13.9,2016.02,0,0,0,8,3,2
991,225,405,1,13.9,2016.02,0,0,0,3,5,2
1710,418,836,1,14.0,2016.02,0,0,0,1,5,2
4117,46,55,1,14.0,2016.02,0,0,0,7,3,2
4344,30,33,1,14.0,2016.02,0,0,0,8,2,2
1975,365,657,1,14.0,2016.02,0,0,0,1,4,2
3669,139,222,1,14.0,2016.02,0,0,0,5,1,2
3599,147,235,1,14.0,2016.02,0,0,0,5,1,2
2328,307,552,1,14.0,2016.02,0,0,0,1,5,2
2667,265,477,1,14.0,2016.02,0,0,0,2,4,2
3762,125,200,1,14.0,2016.02,0,0,0,5,1,2
666,287,516,1,14.0,2016.02,0,0,0,2,3,2
4196,46,55,1,14.0,2016.02,0,0,0,7,3,2
4206,44,52,1,14.0,2016.02,0,0,0,7,3,2
3476,43,51,1,14.0,2016.02,0,0,0,7,3,2
3742,128,204,1,14.0,2016.02,0,0,0,5,1,2
4011,87,121,1,14.15,2016.02,0,0,0,6,3,2
3098,206,370,1,14.25,2016.02,0,0,0,3,1,2
3689,136,217,1,14.3,2016.02,0,0,0,5,1,2
3830,114,182,1,14.35,2016.02,0,0,0,6,1,2
2241,321,577,1,14.4,2016.02,0,0,0,1,5,2
560,379,758,1,14.5,2016.02,0,0,0,1,4,2
1832,392,784,1,14.5,2016.02,0,0,0,1,5,2
2082,351,631,1,14.5,2016.02,0,0,0,1,4,2
4148,51,61,1,14.5,2016.02,0,0,0,7,3,2
3619,145,232,1,14.65,2016.02,0,0,0,5,1,2
2814,237,426,1,14.8,2016.02,0,0,0,3,5,2
2468,290,522,1,14.9,2016.02,0,0,0,2,3,2
3259,179,286,1,14.9,2016.02,0,0,0,4,1,2
3862,108,172,1,14.9,2016.02,0,0,0,6,1,2
2367,301,541,1,14.9,2016.02,0,0,0,2,4,2
4336,31,37,1,14.9,2016.02,0,0,0,8,2,2
3225,183,329,1,14.9,2016.02,0,0,0,4,1,2
3904,101,161,1,14.9,2016.02,0,0,0,6,1,2
4173,49,58,1,14.9,2016.02,0,0,0,7,3,2
4144,52,62,1,14.9,2016.02,0,0,0,7,3,2
3852,111,177,1,14.9,2016.02,0,0,0,6,1,2
3985,91,145,1,14.98,2016.02,0,0,0,6,3,2
4483,15,15,1,15.0,2016.02,0,0,0,9,2,2
2155,260,468,1,15.0,2016.02,0,0,0,2,4,2
2540,281,505,1,15.0,2016.02,0,0,0,2,4,2
3207,186,334,1,15.0,2016.02,0,0,0,4,1,2
3051,211,379,1,15.0,2016.02,0,0,0,3,5,2
1939,373,746,1,15.0,2016.02,0,0,0,1,4,2
816,388,776,1,15.0,2016.02,0,0,0,1,4,2
1971,359,646,1,15.0,2016.02,0,0,0,1,4,2
3308,175,280,1,15.0,2016.02,0,0,0,4,2,2
227,323,581,1,15.0,2016.02,0,0,0,1,5,2
4145,52,62,1,15.0,2016.02,0,0,0,7,3,2
4223,42,50,1,15.0,2016.02,0,0,0,8,3,2
2080,351,631,1,15.0,2016.02,0,0,0,1,4,2
2711,251,451,1,15.2,2016.02,0,0,0,3,5,2
4464,18,19,1,15.24,2016.02,0,0,0,9,2,2
2581,277,498,1,15.25,2016.02,0,0,0,2,4,2
3357,174,278,1,15.25,2016.02,0,0,0,4,2,2
2950,229,412,1,15.25,2016.02,0,0,0,3,5,2
2681,263,473,1,15.25,2016.02,0,0,0,2,4,2
2137,342,615,1,15.25,2016.02,0,0,0,1,4,2
2349,304,547,1,15.25,2016.02,0,0,0,2,4,2
4039,79,110,1,15.3,2016.02,0,0,0,7,3,2
1910,186,334,1,15.4,2016.02,0,0,0,4,1,2
2425,294,529,1,15.4,2016.02,0,0,0,2,4,2
2384,300,540,1,15.5,2016.02,0,0,0,2,4,2
4294,34,40,1,15.5,2016.02,0,0,0,8,2,2
1439,355,639,1,15.5,2016.02,0,0,0,1,4,2
3208,186,334,1,15.5,2016.02,0,0,0,4,1,2
3676,137,219,1,15.5,2016.02,0,0,0,5,1,2
4213,42,50,1,15.52,2016.02,0,0,0,8,3,2
3602,132,211,1,15.54,2016.02,0,0,0,5,1,2
2792,250,450,1,15.8,2016.02,0,0,0,3,5,2
2274,316,568,1,15.8,2016.02,0,0,0,1,4,2
2710,210,378,1,15.8,2016.02,0,0,0,3,5,2
3883,106,169,1,15.8,2016.02,0,0,0,6,1,2
2780,252,453,1,15.8,2016.02,0,0,0,3,4,2
3321,174,278,1,15.8,2016.02,0,0,0,4,2,2
4199,45,54,1,15.8,2016.02,0,0,0,7,3,2
4238,32,38,1,15.8,2016.02,0,0,0,8,2,2
4239,40,48,1,15.8,2016.02,0,0,0,8,3,2
2867,239,430,1,15.8,2016.02,0,0,0,3,5,2
2057,348,626,1,15.8,2016.02,0,0,0,1,4,2
2976,225,405,1,15.8,2016.02,0,0,0,3,5,2
3068,210,378,1,15.8,2016.02,0,0,0,3,5,2
1941,219,394,1,15.8,2016.02,0,0,0,3,5,2
4058,76,106,1,15.8,2016.02,0,0,0,7,3,2
1608,284,511,1,15.8,2016.02,0,0,0,2,3,2
4115,56,67,1,15.8,2016.02,0,0,0,7,3,2
4097,56,67,1,15.8,2016.02,0,0,0,7,3,2
3764,125,200,1,15.8,2016.02,0,0,0,5,1,2
3099,206,370,1,15.8,2016.02,0,0,0,3,1,2
1174,383,766,1,15.8,2016.02,0,0,0,1,4,2
2376,301,541,1,15.9,2016.02,0,0,0,2,4,2
3446,107,171,1,15.9,2016.02,0,0,0,6,1,2
3978,92,147,1,15.9,2016.02,0,0,0,6,3,2
3368,173,276,1,15.9,2016.02,0,0,0,4,2,2
3438,165,264,1,15.9,2016.02,0,0,0,4,2,2
3407,169,270,1,15.9,2016.02,0,0,0,4,2,2
4391,27,29,1,15.9,2016.02,0,0,0,8,2,2
2504,286,514,1,15.9,2016.02,0,0,0,2,3,2
2873,239,430,1,15.9,2016.02,0,0,0,3,5,2
1851,389,778,1,16.0,2016.02,0,0,0,1,4,2
4008,87,121,1,16.0,2016.02,0,0,0,6,3,2
4250,39,46,1,16.0,2016.02,0,0,0,8,3,2
4272,36,43,1,16.0,2016.02,0,0,0,8,3,2
2953,229,412,1,16.0,2016.02,0,0,0,3,5,2
4266,37,44,1,16.0,2016.02,0,0,0,8,3,2
674,38,45,1,16.0,2016.02,0,0,0,8,3,2
327,259,466,1,16.0,2016.02,0,0,0,2,4,2
4200,45,54,1,16.0,2016.02,0,0,0,7,3,2
2560,280,504,1,16.0,2016.02,0,0,0,2,4,2
1302,338,608,1,16.0,2016.02,0,0,0,1,5,2
2472,290,522,1,16.0,2016.02,0,0,0,2,3,2
2286,314,565,1,16.0,2016.02,0,0,0,1,4,2
2343,305,549,1,16.0,2016.02,0,0,0,2,4,2
2539,282,507,1,16.0,2016.02,0,0,0,2,3,2
4051,77,107,1,16.0,2016.02,0,0,0,7,3,2
1674,72,100,1,16.0,2016.02,0,0,0,7,3,2
1567,418,836,1,16.0,2016.02,0,0,0,1,5,2
4345,30,33,1,16.0,2016.02,0,0,0,8,2,2
3951,94,150,1,16.0,2016.02,0,0,0,6,3,2
6086,416,832,1,16.0,2016.02,0,0,0,1,5,2
4317,33,39,1,16.0,2016.02,0,0,0,8,2,2
3807,118,188,1,16.0,2016.02,0,0,0,5,1,2
3035,215,387,1,16.0,2016.02,0,0,0,3,5,2
3107,204,367,1,16.0,2016.02,0,0,0,3,1,2
3706,134,214,1,16.0,2016.02,0,0,0,5,1,2
3313,177,283,1,16.0,2016.02,0,0,0,4,1,2
3584,149,238,1,16.0,2016.02,0,0,0,5,1,2
3022,113,180,9,16.0,2016.02,59,6,1,6,9,2
3841,104,166,1,16.0,2016.02,0,0,0,6,1,2
1326,127,203,1,16.0,2016.02,0,0,0,5,1,2
4594,1,1,1,16.12,2016.02,0,0,0,10,2,2
3687,136,217,1,16.2,2016.02,0,0,0,5,1,2
1708,419,838,1,16.25,2016.02,0,0,0,1,5,2
3850,111,177,1,16.4,2016.02,0,0,0,6,1,2
197,365,657,2,16.5,2016.02,8,4,1,1,6,2
3326,176,281,1,16.5,2016.02,0,0,0,4,2,2
2201,327,588,1,16.6,2016.02,0,0,0,1,5,2
2547,281,505,1,16.65,2016.02,0,0,0,2,3,2
2081,326,586,1,16.7,2016.02,0,0,0,1,5,2
3169,190,342,1,16.7,2016.02,0,0,0,4,1,2
4291,34,40,1,16.75,2016.02,0,0,0,8,2,2
4544,7,7,1,16.8,2016.02,0,0,0,10,2,2
2724,257,462,1,16.9,2016.02,0,0,0,2,4,2
2706,260,468,1,16.9,2016.02,0,0,0,2,4,2
4405,24,26,1,16.98,2016.02,0,0,0,8,2,2
4425,22,24,1,17.0,2016.02,0,0,0,9,2,2
479,37,44,1,17.0,2016.02,0,0,0,8,3,2
4537,4,4,1,17.0,2016.02,0,0,0,10,2,2
4423,22,24,1,17.0,2016.02,0,0,0,9,2,2
2486,18,19,2,17.0,2016.02,267,133,0,9,6,2
4388,27,29,1,17.0,2016.02,0,0,0,8,2,2
1884,382,764,1,17.0,2016.02,0,0,0,1,4,2
2874,239,430,1,17.25,2016.02,0,0,0,3,5,2
2982,223,401,1,17.25,2016.02,0,0,0,3,5,2
3174,183,329,1,17.25,2016.02,0,0,0,4,1,2
3785,121,193,1,17.25,2016.02,0,0,0,5,1,2
3536,153,244,1,17.25,2016.02,0,0,0,5,2,2
4054,76,106,1,17.25,2016.02,0,0,0,7,3,2
1753,410,820,1,17.25,2016.02,0,0,0,1,4,2
2199,327,588,1,17.4,2016.02,0,0,0,1,5,2
4503,13,13,1,17.5,2016.02,0,0,0,9,2,2
3247,181,325,1,17.6,2016.02,0,0,0,4,1,2
2859,240,432,1,17.9,2016.02,0,0,0,3,5,2
4038,79,110,1,17.9,2016.02,0,0,0,7,3,2
4183,47,56,1,17.9,2016.02,0,0,0,7,3,2
3149,195,351,1,17.9,2016.02,0,0,0,4,1,2
3692,127,203,2,17.9,2016.02,8,4,1,5,6,2
2362,302,543,1,17.9,2016.02,0,0,0,2,4,2
2043,357,642,1,18.0,2016.02,0,0,0,1,4,2
166,285,513,1,18.0,2016.02,0,0,0,2,3,2
2038,358,644,1,18.0,2016.02,0,0,0,1,4,2
3880,106,169,1,18.0,2016.02,0,0,0,6,1,2
3946,96,153,1,18.0,2016.02,0,0,0,6,1,2
3603,147,235,1,18.0,2016.02,0,0,0,5,1,2
2092,349,628,1,18.0,2016.02,0,0,0,1,4,2
2101,348,626,1,18.0,2016.02,0,0,0,1,4,2
527,393,786,1,18.0,2016.02,0,0,0,1,5,2
3591,148,236,1,18.3,2016.02,0,0,0,5,1,2
913,337,606,1,18.4,2016.02,0,0,0,1,5,2
2671,264,475,1,18.49,2016.02,0,0,0,2,4,2
1870,386,772,1,18.5,2016.02,0,0,0,1,4,2
3752,126,201,1,18.5,2016.02,0,0,0,5,1,2
4064,74,103,1,18.5,2016.02,0,0,0,7,3,2
1769,406,812,1,18.5,2016.02,0,0,0,1,4,2
4044,78,109,1,18.5,2016.02,0,0,0,7,3,2
3061,210,378,1,18.8,2016.02,0,0,0,3,5,2
3941,96,153,1,18.9,2016.02,0,0,0,6,2,2
2268,312,561,1,18.9,2016.02,0,0,0,1,4,3
803,166,265,1,18.9,2016.02,0,0,0,4,2,3
2188,329,592,1,18.9,2016.02,0,0,0,1,5,3
4109,34,40,1,18.9,2016.02,0,0,0,8,3,3
3094,207,372,1,18.9,2016.02,0,0,0,3,1,3
4263,38,45,1,18.9,2016.02,0,0,0,8,3,3
2451,292,525,1,18.9,2016.02,0,0,0,2,3,3
2799,249,448,1,18.9,2016.02,0,0,0,3,5,3
3531,154,246,1,18.9,2016.02,0,0,0,5,2,3
193,308,554,1,18.9,2016.02,0,0,0,1,5,3
2232,323,581,1,18.9,2016.02,0,0,0,1,5,3
3101,206,370,1,18.9,2016.02,0,0,0,3,1,3
2115,345,621,1,18.9,2016.02,0,0,0,1,4,3
3702,134,214,1,19.0,2016.02,0,0,0,5,1,3
2001,362,651,1,19.0,2016.02,0,0,0,1,4,3
1913,379,758,1,19.0,2016.02,0,0,0,1,4,3
684,369,738,1,19.0,2016.02,0,0,0,1,4,3
2020,360,648,1,19.0,2016.02,0,0,0,1,4,3
2586,274,493,1,19.15,2016.02,0,0,0,2,4,3
2415,295,531,1,19.25,2016.02,0,0,0,2,4,3
2592,275,495,1,19.35,2016.02,0,0,0,2,4,3
2837,244,439,1,19.35,2016.02,0,0,0,3,5,3
2959,228,410,1,19.35,2016.02,0,0,0,3,5,3
3245,181,325,1,19.35,2016.02,0,0,0,4,1,3
3032,215,387,1,19.4,2016.02,0,0,0,3,5,3
2480,288,518,1,19.4,2016.02,0,0,0,2,3,3
579,241,433,1,19.4,2016.02,0,0,0,3,5,3
2126,345,621,1,19.4,2016.02,0,0,0,1,4,3
3731,130,208,1,19.4,2016.02,0,0,0,5,1,3
2771,75,105,1,19.4,2016.02,0,0,0,7,3,3
2285,314,565,1,19.5,2016.02,0,0,0,1,4,3
4149,49,58,1,19.5,2016.02,0,0,0,7,3,3
4061,76,106,1,19.5,2016.02,0,0,0,7,3,3
4074,70,98,1,19.5,2016.02,0,0,0,7,3,3
2672,265,477,1,19.5,2016.02,0,0,0,2,4,3
1731,414,828,1,19.5,2016.02,0,0,0,1,5,3
37,171,273,1,19.5,2016.02,0,0,0,4,2,3
555,339,610,1,19.5,2016.02,0,0,0,1,4,3
3860,108,172,1,19.5,2016.02,0,0,0,6,1,3
2331,307,552,1,19.5,2016.02,0,0,0,1,5,3
2551,281,505,1,19.55,2016.02,0,0,0,2,3,3
4389,27,29,1,19.65,2016.02,0,0,0,8,2,3
3729,130,208,1,19.75,2016.02,0,0,0,5,1,3
2446,292,525,1,19.75,2016.02,0,0,0,2,3,3
4100,59,70,1,19.75,2016.02,0,0,0,7,3,3
3604,147,235,1,19.75,2016.02,0,0,0,5,1,3
3859,105,168,1,19.8,2016.02,0,0,0,6,1,3
3955,94,150,1,19.8,2016.02,0,0,0,6,3,3
4349,30,33,1,19.8,2016.02,0,0,0,8,2,3
2149,339,610,1,19.8,2016.02,0,0,0,1,4,3
3924,99,158,1,19.9,2016.02,0,0,0,6,1,3
2685,262,471,1,19.9,2016.02,0,0,0,2,4,3
4374,21,23,1,19.9,2016.02,0,0,0,9,2,3
4521,11,11,1,20.0,2016.02,0,0,0,9,3,3
4462,18,19,1,20.0,2016.02,0,0,0,9,2,3
4211,43,51,1,20.0,2016.02,0,0,0,7,3,3
4475,17,18,1,20.0,2016.02,0,0,0,9,2,3
4550,7,7,1,20.0,2016.02,0,0,0,10,2,3
4453,20,22,1,20.0,2016.02,0,0,0,9,2,3
4508,13,13,1,20.0,2016.02,0,0,0,9,2,3
4510,13,13,1,20.0,2016.02,0,0,0,9,2,3
1009,414,828,1,20.0,2016.02,0,0,0,1,5,3
1771,405,810,1,20.0,2016.02,0,0,0,1,5,3
1732,414,828,1,20.0,2016.02,0,0,0,1,5,3
3949,95,152,1,20.1,2016.02,0,0,0,6,2,3
4197,45,54,1,20.2,2016.02,0,0,0,7,3,3
1678,304,547,3,20.3,2016.02,51,17,1,2,7,3
4535,3,3,1,20.38,2016.02,0,0,0,10,2,3
3162,193,347,1,20.4,2016.02,0,0,0,4,1,3
1942,373,746,1,20.5,2016.02,0,0,0,1,4,3
3804,119,190,1,20.5,2016.02,0,0,0,5,1,3
3111,193,347,2,20.5,2016.02,10,5,1,4,6,3
4527,10,10,1,20.5,2016.02,0,0,0,9,3,3
3445,163,260,1,20.75,2016.02,0,0,0,4,2,3
2107,19,20,1,20.8,2016.02,0,0,0,9,2,3
3984,91,145,1,20.8,2016.02,0,0,0,6,3,3
3363,81,113,2,20.8,2016.02,92,46,0,6,6,3
4523,11,11,1,20.87,2016.02,0,0,0,9,3,3
4560,6,6,1,20.87,2016.02,0,0,0,10,2,3
4221,38,45,1,20.9,2016.02,0,0,0,8,3,3
3632,126,201,1,20.9,2016.02,0,0,0,5,1,3
3836,113,180,1,20.94,2016.02,0,0,0,6,1,3
1217,7,7,1,20.97,2016.02,0,0,0,10,2,3
2970,225,405,1,20.98,2016.02,0,0,0,3,5,3
4124,53,63,1,21.0,2016.02,0,0,0,7,3,3
2656,265,477,1,21.0,2016.02,0,0,0,2,4,3
1744,412,824,1,21.0,2016.02,0,0,0,1,4,3
2931,231,415,1,21.0,2016.02,0,0,0,3,5,3
3073,209,376,1,21.3,2016.02,0,0,0,3,1,3
4555,6,6,1,21.37,2016.02,0,0,0,10,2,3
4409,19,20,1,21.37,2016.02,0,0,0,9,2,3
3484,156,249,1,21.4,2016.02,0,0,0,4,2,3
3846,112,179,1,21.4,2016.02,0,0,0,6,1,3
2196,326,586,1,21.4,2016.02,0,0,0,1,5,3
4128,53,63,1,21.5,2016.02,0,0,0,7,3,3
3957,94,150,1,21.5,2016.02,0,0,0,6,3,3
3474,103,164,9,21.7,2016.02,58,6,1,6,9,3
4295,34,40,1,21.8,2016.02,0,0,0,8,2,3
3937,97,155,1,21.8,2016.02,0,0,0,6,1,3
3617,145,232,1,21.8,2016.02,0,0,0,5,1,3
2630,270,486,1,21.8,2016.02,0,0,0,2,4,3
2144,340,612,1,21.8,2016.02,0,0,0,1,4,3
4048,71,99,1,21.8,2016.02,0,0,0,7,3,3
3057,211,379,1,21.8,2016.02,0,0,0,3,5,3
2094,326,586,1,21.8,2016.02,0,0,0,1,5,3
4088,64,89,1,21.9,2016.02,0,0,0,7,3,3
4408,24,26,1,21.98,2016.02,0,0,0,8,2,3
2164,336,604,1,22.0,2016.02,0,0,0,1,5,3
4255,38,45,1,22.0,2016.02,0,0,0,8,3,3
3913,79,110,2,22.0,2016.02,21,10,1,7,5,3
216,38,45,1,22.0,2016.02,0,0,0,8,3,3
3106,204,367,1,22.0,2016.02,0,0,0,3,1,3
3049,211,379,1,22.0,2016.02,0,0,0,3,5,3
2015,257,462,1,22.0,2016.02,0,0,0,2,4,3
205,15,15,1,22.0,2016.02,0,0,0,9,2,3
2661,266,478,1,22.0,2016.02,0,0,0,2,4,3
3545,142,227,1,22.0,2016.02,0,0,0,5,1,3
4588,2,2,1,22.0,2016.02,0,0,0,10,2,3
2050,356,640,1,22.0,2016.02,0,0,0,1,4,3
3895,103,164,1,22.0,2016.02,0,0,0,6,1,3
3012,218,392,1,22.0,2016.02,0,0,0,3,5,3
2072,242,435,17,22.0,2016.02,105,6,1,3,10,3
3493,158,252,1,22.0,2016.02,0,0,0,4,2,3
3419,168,268,1,22.0,2016.02,0,0,0,4,2,3
4539,6,6,1,22.0,2016.02,0,0,0,10,2,3
3229,124,198,2,22.0,2016.02,43,21,1,5,6,3
2891,237,426,1,22.0,2016.02,0,0,0,3,5,3
640,61,85,1,22.0,2016.02,0,0,0,7,3,3
247,413,826,1,22.0,2016.02,0,0,0,1,4,3
3444,164,262,1,22.0,2016.02,0,0,0,4,2,3
3979,92,147,1,22.0,2016.02,0,0,0,6,3,3
2410,297,534,1,22.0,2016.02,0,0,0,2,4,3
1772,405,810,1,22.0,2016.02,0,0,0,1,5,3
3710,133,212,1,22.0,2016.02,0,0,0,5,1,3
2845,243,437,1,22.0,2016.02,0,0,0,3,5,3
4024,82,114,1,22.0,2016.02,0,0,0,6,3,3
4288,32,38,1,22.0,2016.02,0,0,0,8,2,3
4019,82,114,1,22.0,2016.02,0,0,0,6,3,3
2861,240,432,1,22.0,2016.02,0,0,0,3,5,3
3893,97,155,1,22.0,2016.02,0,0,0,6,1,3
4502,13,13,1,22.0,2016.02,0,0,0,9,2,3
2452,292,525,1,22.15,2016.02,0,0,0,2,3,3
2136,342,615,1,22.3,2016.02,0,0,0,1,4,3
3084,209,376,1,22.3,2016.02,0,0,0,3,1,3
3430,164,262,1,22.3,2016.02,0,0,0,4,2,3
3700,114,182,1,22.3,2016.02,0,0,0,6,1,3
4407,24,26,1,22.39,2016.02,0,0,0,8,2,3
4520,11,11,1,22.4,2016.02,0,0,0,9,3,3
3876,106,169,1,22.5,2016.02,0,0,0,6,1,3
1050,280,504,2,22.5,2016.02,69,34,0,2,6,3
3798,119,190,1,22.5,2016.02,0,0,0,5,1,3
1750,411,822,1,22.5,2016.02,0,0,0,1,4,3
2242,321,577,1,22.5,2016.02,0,0,0,1,5,3
3097,206,370,1,22.5,2016.02,0,0,0,3,1,3
4273,36,43,1,22.5,2016.02,0,0,0,8,3,3
4271,37,44,1,22.5,2016.02,0,0,0,8,3,3
3134,197,354,1,22.65,2016.02,0,0,0,4,2,3
4563,5,5,1,22.7,2016.02,0,0,0,10,2,3
4542,8,8,1,22.7,2016.02,0,0,0,10,2,3
1253,9,9,1,22.7,2016.02,0,0,0,9,3,3
2788,245,441,1,22.75,2016.02,0,0,0,3,5,3
4376,28,30,1,22.78,2016.02,0,0,0,8,2,3
4455,19,20,1,22.88,2016.02,0,0,0,9,2,3
3079,209,376,1,22.9,2016.02,0,0,0,3,3,3
3737,129,206,1,22.9,2016.02,0,0,0,5,1,3
4379,28,30,1,22.9,2016.02,0,0,0,8,2,3
4437,21,23,1,23.0,2016.02,0,0,0,9,2,3
3585,145,232,1,23.0,2016.02,0,0,0,5,1,3
3969,92,147,1,23.0,2016.02,0,0,0,6,3,3
4015,85,118,1,23.0,2016.02,0,0,0,6,3,3
3167,190,342,1,23.0,2016.02,0,0,0,4,1,3
2624,271,487,1,23.1,2016.02,0,0,0,2,4,3
4488,15,15,1,23.15,2016.02,0,0,0,9,2,3
4558,6,6,1,23.25,2016.02,0,0,0,10,2,3
4439,10,10,1,23.25,2016.02,0,0,0,9,3,3
3853,44,52,1,23.3,2016.02,0,0,0,7,3,3
4319,33,39,1,23.3,2016.02,0,0,0,8,2,3
1903,93,148,1,23.4,2016.02,0,0,0,6,3,3
3939,95,152,1,23.4,2016.02,0,0,0,6,3,3
4190,46,55,1,23.5,2016.02,0,0,0,7,3,3
3728,130,208,1,23.5,2016.02,0,0,0,5,1,3
1474,396,792,1,23.5,2016.02,0,0,0,1,4,3
4270,37,44,1,23.7,2016.02,0,0,0,8,3,3
4361,29,31,1,23.75,2016.02,0,0,0,8,2,3
4172,37,44,1,23.8,2016.02,0,0,0,8,3,3
4028,81,113,1,23.8,2016.02,0,0,0,6,3,3
2389,300,540,1,23.9,2016.02,0,0,0,2,4,3
4169,49,58,1,23.9,2016.02,0,0,0,7,3,3
4565,5,5,1,24.0,2016.02,0,0,0,10,2,3
4205,44,52,1,24.0,2016.02,0,0,0,7,3,3
3915,100,160,1,24.0,2016.02,0,0,0,6,1,3
3756,126,201,1,24.0,2016.02,0,0,0,5,1,3
1989,363,653,1,24.0,2016.02,0,0,0,1,4,3
1881,364,655,2,24.0,2016.02,20,10,1,1,6,3
1825,393,786,1,24.0,2016.02,0,0,0,1,5,3
2265,317,570,1,24.0,2016.02,0,0,0,1,4,3
1830,392,784,1,24.3,2016.02,0,0,0,1,5,3
4398,25,27,1,24.38,2016.02,0,0,0,8,2,3
2757,255,459,1,24.4,2016.02,0,0,0,2,4,3
2692,262,471,1,24.5,2016.02,0,0,0,2,4,3
4386,27,29,1,24.5,2016.02,0,0,0,8,2,3
2011,358,644,1,24.5,2016.02,0,0,0,1,4,3
3429,147,235,1,24.55,2016.02,0,0,0,5,1,3
4441,20,22,1,24.7,2016.02,0,0,0,9,2,3
3501,157,251,1,24.7,2016.02,0,0,0,4,2,3
4229,41,49,1,24.8,2016.02,0,0,0,8,3,3
4583,2,2,1,24.89,2016.02,0,0,0,10,2,3
775,172,275,1,24.9,2016.02,0,0,0,4,2,3
4133,53,63,1,24.9,2016.02,0,0,0,7,3,3
1713,272,489,2,24.9,2016.02,146,73,0,2,6,3
2663,266,478,1,24.9,2016.02,0,0,0,2,4,3
3999,87,121,1,24.9,2016.02,0,0,0,6,3,3
2360,295,531,2,25.0,2016.02,7,3,1,2,5,3
2956,229,412,1,25.0,2016.02,0,0,0,3,5,3
1929,358,644,2,25.0,2016.02,18,9,1,1,6,3
3786,52,62,2,25.15,2016.02,69,34,0,7,5,3
3992,89,124,1,25.25,2016.02,0,0,0,6,3,3
2622,271,487,1,25.3,2016.02,0,0,0,2,4,3
3495,158,252,1,25.3,2016.02,0,0,0,4,2,3
3185,180,288,2,25.5,2016.02,8,4,1,4,6,3
3765,124,198,1,25.5,2016.02,0,0,0,5,1,3
1958,76,106,3,25.5,2016.02,288,96,0,7,7,3
512,386,772,1,25.5,2016.02,0,0,0,1,4,3
3871,107,171,1,25.75,2016.02,0,0,0,6,1,4
1028,298,536,1,25.8,2016.02,0,0,0,2,4,4
2325,303,545,1,25.8,2016.02,0,0,0,2,4,4
636,251,451,1,25.8,2016.02,0,0,0,3,5,4
2900,235,423,1,25.8,2016.02,0,0,0,3,5,4
3813,118,188,1,25.8,2016.02,0,0,0,5,1,4
343,279,502,1,25.8,2016.02,0,0,0,2,4,4
15,102,163,1,25.8,2016.02,0,0,0,6,1,4
1263,341,613,2,25.8,2016.02,3,1,1,1,6,4
3038,214,385,1,25.8,2016.02,0,0,0,3,5,4
404,321,577,1,25.8,2016.02,0,0,0,1,5,4
3252,180,288,1,25.8,2016.02,0,0,0,4,1,4
276,235,423,1,25.8,2016.02,0,0,0,3,5,4
4192,43,51,2,25.8,2016.02,3,1,1,8,6,4
3600,147,235,1,25.8,2016.02,0,0,0,5,1,4
4018,55,66,1,25.8,2016.02,0,0,0,7,3,4
3811,75,105,2,25.8,2016.02,43,21,1,7,6,4
3890,105,168,1,25.8,2016.02,0,0,0,6,1,4
615,245,441,2,25.8,2016.02,37,18,1,3,6,4
921,258,464,1,25.8,2016.02,0,0,0,2,4,4
2582,277,498,1,25.8,2016.02,0,0,0,2,4,4
2741,257,462,1,25.9,2016.02,0,0,0,2,4,4
2628,232,417,7,25.9,2016.02,38,5,1,3,9,4
1727,56,67,2,26.0,2016.02,359,179,0,7,5,4
2510,286,514,1,26.0,2016.02,0,0,0,2,3,4
1101,130,208,2,26.0,2016.02,38,19,1,5,6,4
3677,137,219,1,26.0,2016.02,0,0,0,5,1,4
3868,99,158,2,26.25,2016.02,8,4,1,6,6,4
2730,257,462,1,26.25,2016.02,0,0,0,2,4,4
4315,29,31,2,26.3,2016.02,4,2,1,8,6,4
4534,9,9,1,26.36,2016.02,0,0,0,9,3,4
1973,324,583,1,26.5,2016.02,0,0,0,1,5,4
3091,207,372,1,26.5,2016.02,0,0,0,3,1,4
3809,118,188,1,26.55,2016.02,0,0,0,5,1,4
155,35,42,2,26.65,2016.02,12,6,1,8,6,4
3960,94,150,1,26.7,2016.02,0,0,0,6,3,4
4404,25,27,1,26.7,2016.02,0,0,0,8,2,4
139,11,11,1,26.8,2016.02,0,0,0,9,3,4
268,7,7,1,26.8,2016.02,0,0,0,10,2,4
4575,3,3,1,26.9,2016.02,0,0,0,10,2,4
3178,189,340,1,26.9,2016.02,0,0,0,4,1,4
728,14,14,1,27.0,2016.02,0,0,0,9,2,4
222,332,597,1,27.0,2016.02,0,0,0,1,5,4
4412,23,25,1,27.0,2016.02,0,0,0,9,2,4
2320,308,554,1,27.0,2016.02,0,0,0,1,5,4
1937,375,750,1,27.0,2016.02,0,0,0,1,4,4
4210,8,8,1,27.0,2016.02,0,0,0,10,3,4
950,386,772,1,27.0,2016.02,0,0,0,1,4,4
1999,362,651,1,27.25,2016.02,0,0,0,1,4,4
3667,139,222,1,27.25,2016.02,0,0,0,5,1,4
1162,238,428,2,27.4,2016.02,140,70,0,3,5,4
1424,253,455,2,27.4,2016.02,144,72,0,2,7,4
3516,155,248,1,27.45,2016.02,0,0,0,5,2,4
1585,310,558,1,27.45,2016.02,0,0,0,1,5,4
4245,6,6,1,27.49,2016.02,0,0,0,10,2,4
3452,5,5,2,27.75,2016.02,157,78,0,10,7,4
4030,57,68,1,27.8,2016.02,0,0,0,7,3,4
1068,209,376,1,27.8,2016.02,0,0,0,3,1,4
4209,44,52,1,27.8,2016.02,0,0,0,7,3,4
4285,35,42,1,27.8,2016.02,0,0,0,8,3,4
2660,232,417,2,27.9,2016.02,34,17,1,3,5,4
4000,82,114,1,27.9,2016.02,0,0,0,6,3,4
1694,421,842,1,28.0,2016.02,0,0,0,1,5,4
1347,384,768,1,28.0,2016.02,0,0,0,1,4,4
2175,230,414,13,28.0,2016.02,104,8,1,3,10,4
1895,381,762,1,28.0,2016.02,0,0,0,1,4,4
3188,188,338,1,28.05,2016.02,0,0,0,4,1,4
4257,38,45,1,28.1,2016.02,0,0,0,8,3,4
3000,221,397,2,28.25,2016.02,0,0,0,3,6,4
3882,106,169,1,28.4,2016.02,0,0,0,6,1,4
3064,203,365,1,28.5,2016.02,0,0,0,3,2,4
3906,93,148,2,28.5,2016.02,8,4,1,6,5,4
2310,310,558,1,28.5,2016.02,0,0,0,1,4,4
2698,259,466,2,28.5,2016.02,2,1,1,2,6,4
4234,41,49,1,28.7,2016.02,0,0,0,8,3,4
3416,168,268,1,28.7,2016.02,0,0,0,4,2,4
2603,273,491,1,28.7,2016.02,0,0,0,2,4,4
3164,179,286,1,28.7,2016.02,0,0,0,4,1,4
2392,299,538,1,28.7,2016.02,0,0,0,2,4,4
3161,194,349,1,28.7,2016.02,0,0,0,4,1,4
3014,168,268,2,28.700000000000003,2016.02,50,25,1,4,5,4
2505,238,428,2,28.700000000000003,2016.02,13,6,1,3,6,4
4529,10,10,1,28.78,2016.02,0,0,0,9,3,4
948,187,336,2,28.8,2016.02,202,101,0,4,6,4
886,315,567,2,28.8,2016.02,75,37,0,1,6,4
1053,58,69,1,28.9,2016.02,0,0,0,7,3,4
2341,306,550,1,28.9,2016.02,0,0,0,2,5,4
521,348,626,1,28.9,2016.02,0,0,0,1,4,4
3331,168,268,2,28.9,2016.02,7,3,1,4,6,4
2951,229,412,1,29.0,2016.02,0,0,0,3,5,4
1888,382,764,1,29.0,2016.02,0,0,0,1,4,4
3664,139,222,1,29.0,2016.02,0,0,0,5,1,4
4401,25,27,1,29.0,2016.02,0,0,0,8,2,4
4142,53,63,1,29.0,2016.02,0,0,0,7,3,4
2445,293,527,1,29.15,2016.02,0,0,0,2,4,4
2292,300,540,2,29.25,2016.02,13,6,1,2,5,4
3451,162,259,1,29.25,2016.02,0,0,0,4,2,4
3018,3,3,2,29.25,2016.02,212,106,0,10,6,4
4397,16,17,1,29.29,2016.02,0,0,0,9,3,4
1213,244,439,2,29.35,2016.02,34,17,1,3,6,4
4593,1,1,1,29.39,2016.02,0,0,0,10,2,4
2717,119,190,20,29.4,2016.02,138,6,1,5,10,4
3092,207,372,1,29.5,2016.02,0,0,0,3,1,4
3105,204,367,1,29.5,2016.02,0,0,0,3,2,4
2282,279,502,2,29.5,2016.02,32,16,1,2,6,4
882,248,446,1,29.5,2016.02,0,0,0,3,5,4
3618,128,204,2,29.5,2016.02,17,8,1,5,6,4
3214,185,333,1,29.55,2016.02,0,0,0,4,1,4
1380,252,453,1,29.55,2016.02,0,0,0,3,4,4
2019,239,430,1,29.75,2016.02,0,0,0,3,5,4
3825,115,184,1,29.75,2016.02,0,0,0,5,3,4
1394,108,172,1,29.8,2016.02,0,0,0,6,1,4
4467,18,19,1,29.88,2016.02,0,0,0,9,2,4
2796,250,450,1,29.9,2016.02,0,0,0,3,5,4
2928,6,6,1,30.0,2016.02,0,0,0,10,2,4
4551,7,7,1,30.29,2016.02,0,0,0,10,2,4
3900,102,163,1,30.3,2016.02,0,0,0,6,1,4
1099,144,230,1,30.3,2016.02,0,0,0,5,1,4
4120,55,66,2,30.3,2016.02,0,0,0,7,5,4
2739,225,405,2,30.3,2016.02,32,16,1,3,6,4
4368,29,31,1,30.39,2016.02,0,0,0,8,2,4
3912,100,160,1,30.5,2016.02,0,0,0,6,1,4
4421,22,24,1,30.5,2016.02,0,0,0,9,2,4
2580,277,498,1,30.5,2016.02,0,0,0,2,4,4
1858,388,776,1,30.5,2016.02,0,0,0,1,4,4
4474,2,2,1,30.58,2016.02,0,0,0,10,2,4
4089,64,89,1,30.9,2016.02,0,0,0,7,3,4
4479,16,17,1,30.9,2016.02,0,0,0,9,2,4
2638,269,484,1,30.9,2016.02,0,0,0,2,4,4
4430,21,23,1,30.9,2016.02,0,0,0,9,2,4
3033,159,254,2,31.0,2016.02,56,28,1,4,6,4
622,390,780,1,31.0,2016.02,0,0,0,1,4,4
3374,172,275,1,31.0,2016.02,0,0,0,4,2,4
3102,205,369,1,31.0,2016.02,0,0,0,3,1,4
3897,103,164,1,31.1,2016.02,0,0,0,6,1,4
4580,3,3,1,31.12,2016.02,0,0,0,10,2,4
3557,152,243,1,31.25,2016.02,0,0,0,5,2,4
3389,114,182,2,31.3,2016.02,56,28,1,6,6,4
2847,243,437,1,31.3,2016.02,0,0,0,3,5,4
4375,28,30,1,31.49,2016.02,0,0,0,8,2,4
3230,183,329,1,31.5,2016.02,0,0,0,4,1,4
2297,244,439,2,31.5,2016.02,44,22,1,3,6,4
3520,136,217,2,31.55,2016.02,17,8,1,5,6,4
3052,181,325,2,31.700000000000003,2016.02,30,15,1,4,6,4
2689,262,471,1,31.8,2016.02,0,0,0,2,4,4
2387,300,540,2,31.8,2016.02,0,0,0,2,5,4
3377,168,268,2,31.9,2016.02,4,2,1,4,5,4
4342,31,37,1,32.0,2016.02,0,0,0,8,2,4
2912,232,417,1,32.0,2016.02,0,0,0,3,5,4
1947,371,742,1,32.0,2016.02,0,0,0,1,4,4
1204,183,329,1,32.0,2016.02,0,0,0,4,1,4
3919,37,44,2,32.0,2016.02,62,31,0,8,6,4
3196,187,336,1,32.0,2016.02,0,0,0,4,1,4
3768,124,198,1,32.0,2016.02,0,0,0,5,1,4
2324,308,554,1,32.0,2016.02,0,0,0,1,5,4
3542,153,244,1,32.0,2016.02,0,0,0,5,2,4
3329,153,244,2,32.0,2016.02,22,11,1,5,7,4
3303,158,252,2,32.0,2016.02,7,3,1,4,6,4
2076,254,457,2,32.0,2016.02,98,49,0,2,7,4
694,211,379,1,32.0,2016.02,0,0,0,3,5,4
1720,382,764,2,32.0,2016.02,35,17,0,1,6,4
3301,123,196,2,32.0,2016.02,55,27,1,5,6,4
2542,267,480,2,32.0,2016.02,15,7,1,2,6,4
2047,288,518,2,32.0,2016.02,69,34,0,2,6,4
3223,15,15,2,32.05,2016.02,168,84,0,9,5,4
2889,49,58,2,32.120000000000005,2016.02,183,91,0,7,6,4
1803,398,796,1,32.25,2016.02,0,0,0,1,5,4
3735,130,208,1,32.3,2016.02,0,0,0,5,1,4
2781,230,414,2,32.3,2016.02,22,11,1,3,5,4
2293,313,563,1,32.3,2016.02,0,0,0,1,4,4
1766,208,374,2,32.3,2016.02,199,99,0,3,6,4
3390,111,177,2,32.4,2016.02,56,28,1,6,6,4
3311,177,283,1,32.4,2016.02,0,0,0,4,1,4
65,6,6,1,32.43,2016.02,0,0,0,10,2,4
2498,282,507,1,32.5,2016.02,0,0,0,2,3,4
2853,241,433,1,32.5,2016.02,0,0,0,3,5,4
4335,29,31,1,32.63,2016.02,0,0,0,8,2,4
2848,236,424,2,32.730000000000004,2016.02,6,3,1,3,5,4
3633,144,230,1,32.75,2016.02,0,0,0,5,1,4
4471,17,18,1,32.98,2016.02,0,0,0,9,3,4
4517,12,12,1,33.13,2016.02,0,0,0,9,3,4
3515,155,248,1,33.25,2016.02,0,0,0,4,2,4
3693,135,216,1,33.3,2016.02,0,0,0,5,1,4
1977,323,581,2,33.4,2016.02,42,21,1,1,6,4
2556,44,52,2,33.4,2016.02,237,118,0,7,6,4
2267,317,570,1,33.4,2016.02,0,0,0,1,4,4
3944,96,153,1,33.7,2016.02,0,0,0,6,1,4
3867,107,171,1,33.7,2016.02,0,0,0,6,1,4
3865,108,172,1,33.7,2016.02,0,0,0,6,1,4
3076,209,376,1,33.7,2016.02,0,0,0,3,3,4
2966,216,388,3,33.75,2016.02,9,3,1,3,7,4
1074,195,351,3,33.75,2016.02,14,4,1,4,7,4
3351,136,217,2,33.9,2016.02,38,19,1,5,6,4
1613,310,558,1,34.0,2016.02,0,0,0,1,5,4
4586,2,2,1,34.0,2016.02,0,0,0,10,2,4
3670,50,60,2,34.0,2016.02,87,43,0,7,5,4
1938,373,746,1,34.0,2016.02,0,0,0,1,4,4
3005,220,396,1,34.05,2016.02,0,0,0,3,5,4
3417,147,235,2,34.3,2016.02,21,10,1,5,7,4
2832,223,401,2,34.4,2016.02,21,10,1,3,6,4
4334,31,37,1,34.5,2016.02,0,0,0,8,2,4
3642,27,29,2,34.5,2016.02,14,7,1,8,6,4
3943,82,114,1,34.55,2016.02,0,0,0,6,3,4
3885,106,169,1,34.7,2016.02,0,0,0,6,1,4
2271,14,14,2,34.7,2016.02,302,151,0,9,6,4
2395,261,469,2,34.9,2016.02,28,14,1,2,6,4
3243,129,206,2,34.9,2016.02,18,9,1,5,6,4
3325,113,180,2,34.9,2016.02,63,31,0,6,6,4
2355,303,545,1,35.0,2016.02,0,0,0,2,4,4
4216,43,51,1,35.0,2016.02,0,0,0,8,3,4
4139,53,63,1,35.0,2016.02,0,0,0,7,3,4
1760,409,818,1,35.0,2016.02,0,0,0,1,3,4
3930,98,156,1,35.0,2016.02,0,0,0,6,1,4
2083,351,631,1,35.0,2016.02,0,0,0,1,4,4
2575,278,500,1,35.0,2016.02,0,0,0,2,4,4
2168,8,8,2,35.0,2016.02,327,163,0,10,6,4
3641,95,152,6,35.0,2016.02,47,7,1,6,8,4
2585,269,484,2,35.3,2016.02,7,3,1,2,6,4
3781,47,56,2,35.55,2016.02,75,37,0,7,6,4
4570,4,4,1,35.63,2016.02,0,0,0,10,2,4
3573,150,240,1,35.7,2016.02,0,0,0,5,2,4
4567,4,4,1,35.77,2016.02,0,0,0,10,2,4
4193,8,8,1,35.9,2016.02,0,0,0,9,3,4
3845,75,105,2,36.0,2016.02,37,18,1,7,6,5
235,78,109,1,36.0,2016.02,0,0,0,7,3,5
4212,4,4,2,36.16,2016.02,39,19,1,10,6,5
1804,344,619,1,36.3,2016.02,0,0,0,1,4,5
1572,111,177,1,36.3,2016.02,0,0,0,6,1,5
3595,83,116,1,36.4,2016.02,0,0,0,6,3,5
1954,370,740,1,36.5,2016.02,0,0,0,1,4,5
2816,99,158,3,36.5,2016.02,147,49,0,6,7,5
3487,158,252,1,36.7,2016.02,0,0,0,4,2,5
3144,196,352,1,36.75,2016.02,0,0,0,4,1,5
3586,149,238,1,36.8,2016.02,0,0,0,5,1,5
4524,10,10,1,36.9,2016.02,0,0,0,9,3,5
3191,188,338,1,36.99,2016.02,0,0,0,4,1,5
1259,266,478,1,37.0,2016.02,0,0,0,2,4,5
2930,231,415,1,37.0,2016.02,0,0,0,3,5,5
2969,93,148,2,37.0,2016.02,119,59,0,6,5,5
2566,280,504,1,37.2,2016.02,0,0,0,2,4,5
2339,306,550,1,37.25,2016.02,0,0,0,2,5,5
4215,42,50,1,37.4,2016.02,0,0,0,8,3,5
517,160,256,1,37.4,2016.02,0,0,0,4,2,5
4357,6,6,3,37.5,2016.02,23,7,1,10,7,5
2605,92,147,2,37.5,2016.02,19,9,1,6,6,5
1776,127,203,3,37.56,2016.02,277,92,0,5,7,5
789,182,327,1,37.62,2016.02,0,0,0,4,1,5
3071,209,376,1,37.7,2016.02,0,0,0,3,1,5
3654,3,3,2,37.7,2016.02,104,52,0,10,6,5
2728,230,414,2,38.0,2016.02,16,8,1,3,5,5
3910,100,160,1,38.0,2016.02,0,0,0,6,1,5
3751,116,185,2,38.0,2016.02,11,5,1,5,6,5
3228,99,158,1,38.0,2016.02,0,0,0,6,1,5
1048,257,462,1,38.0,2016.02,0,0,0,2,4,5
4130,54,64,1,38.0,2016.02,0,0,0,7,3,5
4424,11,11,1,38.19,2016.02,0,0,0,9,3,5
1718,109,174,1,38.3,2016.02,0,0,0,6,1,5
4585,2,2,1,38.39,2016.02,0,0,0,10,2,5
3758,126,201,1,38.4,2016.02,0,0,0,5,1,5
3987,46,55,2,38.4,2016.02,44,22,1,7,6,5
2104,278,500,3,38.400000000000006,2016.02,70,23,1,2,7,5
4101,59,70,1,38.45,2016.02,0,0,0,7,3,5
38,419,838,1,38.5,2016.02,0,0,0,1,5,5
2368,267,480,2,38.5,2016.02,34,17,1,2,6,5
2373,301,541,1,38.5,2016.02,0,0,0,2,4,5
2370,301,541,1,38.5,2016.02,0,0,0,2,4,5
4417,23,25,1,38.54,2016.02,0,0,0,9,2,5
2791,250,450,1,38.7,2016.02,0,0,0,3,5,5
2317,98,156,2,38.7,2016.02,211,105,0,6,6,5
3675,50,60,2,38.7,2016.02,84,42,0,7,6,5
3371,137,219,2,38.7,2016.02,36,18,1,5,7,5
1662,180,288,1,38.7,2016.02,0,0,0,4,1,5
3948,95,152,1,38.7,2016.02,0,0,0,6,2,5
2870,225,405,2,39.0,2016.02,14,7,1,3,6,5
1915,378,756,1,39.0,2016.02,0,0,0,1,4,5
4514,12,12,1,39.2,2016.02,0,0,0,9,3,5
3113,203,365,1,39.25,2016.02,0,0,0,3,2,5
2342,238,428,11,39.36,2016.02,68,6,1,3,9,5
2607,273,491,1,39.5,2016.02,0,0,0,2,4,5
3175,152,243,2,39.5,2016.02,38,19,1,5,6,5
2786,251,451,1,39.5,2016.02,0,0,0,3,4,5
3620,145,232,2,39.55,2016.02,0,0,0,5,7,5
4380,28,30,1,39.65,2016.02,0,0,0,8,2,5
4244,40,48,1,39.65,2016.02,0,0,0,8,3,5
4566,5,5,1,39.7,2016.02,0,0,0,10,2,5
3823,26,28,2,39.7,2016.02,89,44,0,8,6,5
3448,163,260,1,39.7,2016.02,0,0,0,4,2,5
3090,4,4,2,39.7,2016.02,204,102,0,10,6,5
2429,281,505,1,39.9,2016.02,0,0,0,2,3,5
3298,100,160,2,40.0,2016.02,78,39,0,6,6,5
981,398,796,1,40.0,2016.02,0,0,0,1,5,5
165,111,177,1,40.0,2016.02,0,0,0,6,1,5
4454,12,12,2,40.0,2016.02,7,3,1,9,5,5
994,259,466,1,40.0,2016.02,0,0,0,2,4,5
2613,257,462,2,40.0,2016.02,15,7,1,2,6,5
3088,208,374,1,40.0,2016.02,0,0,0,3,1,5
3050,211,379,1,40.2,2016.02,0,0,0,3,5,5
3081,209,376,1,40.25,2016.02,0,0,0,3,3,5
2895,79,110,2,40.3,2016.02,156,78,0,7,5,5
3497,158,252,1,40.5,2016.02,0,0,0,4,2,5
264,391,782,2,40.5,2016.02,1,0,0,1,6,5
3029,216,388,1,40.6,2016.02,0,0,0,3,5,5
1649,293,527,2,40.65,2016.02,22,11,1,2,5,5
4080,69,96,1,40.65,2016.02,0,0,0,7,3,5
2302,269,484,2,40.68,2016.02,43,21,1,2,6,5
2069,281,505,1,40.7,2016.02,0,0,0,2,3,5
3211,177,283,2,41.1,2016.02,8,4,1,4,6,5
2437,293,527,1,41.3,2016.02,0,0,0,2,4,5
2251,319,574,1,41.3,2016.02,0,0,0,1,4,5
2281,174,278,3,41.35,2016.02,141,47,0,4,7,5
1857,317,570,2,41.4,2016.02,35,17,1,1,6,5
4495,14,14,1,41.5,2016.02,0,0,0,9,2,5
2464,290,522,1,41.5,2016.02,0,0,0,2,3,5
2039,344,619,2,41.5,2016.02,14,7,1,1,6,5
1855,388,776,1,41.5,2016.02,0,0,0,1,4,5
4561,6,6,1,41.6,2016.02,0,0,0,10,2,5
4057,46,55,2,41.6,2016.02,26,13,1,7,6,5
2303,268,482,2,41.6,2016.02,44,22,1,2,6,5
3559,129,206,5,41.8,2016.02,22,4,1,5,8,5
3892,105,168,1,41.8,2016.02,0,0,0,6,1,5
3472,116,185,2,41.8,2016.02,41,20,1,5,6,5
2183,330,594,1,41.8,2016.02,0,0,0,1,5,5
1873,77,107,2,41.9,2016.02,309,154,0,7,6,5
2148,283,509,3,41.9,2016.02,57,19,1,2,7,5
4076,34,40,2,41.9,2016.02,13,6,1,8,6,5
3674,25,27,2,42.0,2016.02,113,56,0,8,6,5
953,153,244,2,42.0,2016.02,245,122,0,5,6,5
3008,188,338,3,42.25,2016.02,31,10,1,4,7,5
1809,364,655,2,42.25,2016.02,30,15,1,1,6,5
2049,348,626,2,42.25,2016.02,8,4,1,1,6,5
2803,249,448,1,42.25,2016.02,0,0,0,3,5,5
3323,161,257,1,42.45,2016.02,0,0,0,4,2,5
1279,77,107,2,42.7,2016.02,133,66,0,7,6,5
3863,108,172,1,42.75,2016.02,0,0,0,6,1,5
4233,27,29,2,42.78,2016.02,14,7,1,8,6,5
4518,12,12,1,42.78,2016.02,0,0,0,9,3,5
2478,267,480,1,42.78,2016.02,0,0,0,2,4,5
3395,168,268,2,42.8,2016.02,2,1,1,4,6,5
710,29,31,2,42.9,2016.02,321,160,0,8,6,5
2990,79,110,2,43.0,2016.02,143,71,0,7,5,5
3760,126,201,1,43.15,2016.02,0,0,0,5,1,5
1445,53,63,3,43.4,2016.02,344,114,0,7,7,5
2385,300,540,1,43.5,2016.02,0,0,0,2,4,5
2228,285,513,2,43.6,2016.02,38,19,1,2,5,5
4381,28,30,1,43.6,2016.02,0,0,0,8,2,5
4069,72,100,1,43.6,2016.02,0,0,0,7,3,5
2534,43,51,2,43.7,2016.02,240,120,0,7,6,5
820,167,267,1,43.8,2016.02,0,0,0,4,2,5
2363,283,509,2,43.89,2016.02,19,9,1,2,7,5
2831,82,114,2,43.95,2016.02,163,81,0,6,6,5
4589,2,2,1,43.96,2016.02,0,0,0,10,2,5
3124,28,30,2,44.0,2016.02,172,86,0,8,6,5
3074,209,376,1,44.0,2016.02,0,0,0,3,1,5
3146,183,329,2,44.0,2016.02,13,6,1,4,6,5
2406,297,534,1,44.0,2016.02,0,0,0,2,4,5
4428,15,15,2,44.120000000000005,2016.02,6,3,1,9,6,5
3302,178,284,1,44.15,2016.02,0,0,0,4,1,5
858,246,442,2,44.15,2016.02,146,73,0,3,6,5
4314,26,28,2,44.24,2016.02,7,3,1,8,6,5
4262,38,45,1,44.4,2016.02,0,0,0,8,3,5
2307,17,18,3,44.5,2016.02,294,98,0,9,7,5
4310,34,40,1,44.5,2016.02,0,0,0,8,2,5
2318,211,379,3,44.5,2016.02,56,18,1,3,7,5
3335,145,232,3,44.5,2016.02,30,10,1,5,7,5
2048,242,435,2,44.7,2016.02,102,51,0,3,6,5
2450,91,145,3,44.7,2016.02,201,67,0,6,7,5
3360,91,145,2,44.9,2016.02,82,41,0,6,5,5
3861,98,156,2,44.9,2016.02,10,5,1,6,7,5
2197,290,522,2,44.9,2016.02,38,19,1,2,5,5
1181,94,150,6,44.9,2016.02,146,24,1,6,8,5
2587,33,39,3,44.9,2016.02,238,79,0,8,7,5
4045,15,15,2,44.9,2016.02,63,31,0,9,6,5
3257,146,233,1,44.9,2016.02,0,0,0,5,1,5
998,379,758,3,45.0,2016.02,39,13,0,1,7,5
1056,190,342,1,45.0,2016.02,0,0,0,4,1,5
1416,333,599,2,45.0,2016.02,33,16,1,1,6,5
3815,76,106,2,45.0,2016.02,41,20,1,7,6,5
4452,20,22,1,45.0,2016.02,0,0,0,9,2,5
1349,82,114,2,45.0,2016.02,10,5,1,6,6,5
2314,272,489,2,45.2,2016.02,38,19,1,2,6,5
1827,130,208,3,45.3,2016.02,262,87,0,5,7,5
2518,49,58,3,45.3,2016.02,237,79,0,7,7,5
3856,55,66,3,45.3,2016.02,55,18,1,7,7,5
3565,150,240,1,45.3,2016.02,0,0,0,5,1,5
2745,74,103,3,45.5,2016.02,181,60,0,7,7,5
3616,134,214,2,45.5,2016.02,11,5,1,5,6,5
3606,41,49,3,45.5,2016.02,105,35,0,8,7,5
2830,99,158,3,45.5,2016.02,146,48,0,6,7,5
2333,307,552,1,45.65,2016.02,0,0,0,1,5,5
2322,74,103,2,45.7,2016.02,28,14,1,7,6,5
1698,419,838,2,45.75,2016.02,3,1,0,1,6,5
2421,169,270,2,45.75,2016.02,126,63,0,4,5,5
3625,95,152,3,45.8,2016.02,49,16,1,6,7,5
3119,187,336,3,46.0,2016.02,15,5,1,4,7,5
2645,146,233,3,46.0,2016.02,122,40,0,5,7,5
2761,14,14,2,46.35,2016.02,240,120,0,9,5,5
3026,217,390,1,46.5,2016.02,0,0,0,3,5,5
4178,48,57,1,46.7,2016.02,0,0,0,7,3,5
2204,293,527,2,46.8,2016.02,33,16,1,2,6,5
3615,6,6,2,47.0,2016.02,139,69,0,10,6,5
866,28,30,2,47.14,2016.02,334,167,0,8,6,5
3320,72,100,2,47.4,2016.02,104,52,0,7,5,5
4487,15,15,1,47.47,2016.02,0,0,0,9,3,5
1205,363,653,1,47.75,2016.02,0,0,0,1,4,5
1684,207,372,3,47.8,2016.02,217,72,0,3,7,5
2447,92,147,3,47.88,2016.02,35,11,1,6,7,5
4246,18,19,3,48.0,2016.02,20,6,1,9,7,5
2960,227,408,1,48.0,2016.02,0,0,0,3,5,5
1875,385,770,1,48.0,2016.02,0,0,0,1,4,5
2359,302,543,1,48.0,2016.02,0,0,0,2,4,5
2604,273,491,1,48.0,2016.02,0,0,0,2,4,5
2502,100,160,3,48.0,2016.02,60,20,1,6,7,5
2289,314,565,1,48.0,2016.02,0,0,0,1,4,5
2393,154,246,3,48.0,2016.02,145,48,0,5,7,5
1057,97,155,2,48.3,2016.02,70,35,0,6,7,5
3239,140,224,2,48.4,2016.02,36,18,1,5,7,5
2374,301,541,1,48.5,2016.02,0,0,0,2,4,5
4214,43,51,1,48.5,2016.02,0,0,0,8,3,5
2852,241,433,1,48.9,2016.02,0,0,0,3,5,5
3365,168,268,1,48.9,2016.02,0,0,0,4,2,5
4463,18,19,1,48.95,2016.02,0,0,0,9,2,5
2679,3,3,2,49.0,2016.02,260,130,0,10,6,5
2738,257,462,1,49.3,2016.02,0,0,0,2,4,5
1906,359,646,3,49.4,2016.02,21,7,1,1,7,5
1936,258,464,2,49.4,2016.02,117,58,0,2,6,5
1976,365,657,1,49.5,2016.02,0,0,0,1,4,5
1566,64,89,1,49.5,2016.02,0,0,0,7,3,5
3336,175,280,1,49.6,2016.02,0,0,0,4,2,5
3202,186,334,1,49.6,2016.02,0,0,0,4,1,5
3933,98,156,1,49.7,2016.02,0,0,0,6,1,5
3646,29,31,2,49.75,2016.02,112,56,0,8,6,5
2304,308,554,1,49.8,2016.02,0,0,0,1,5,5
1224,270,486,1,49.9,2016.02,0,0,0,2,4,5
225,273,491,2,50.0,2016.02,92,46,0,2,6,5
3650,141,225,1,50.0,2016.02,0,0,0,5,1,5
3857,54,64,3,50.0,2016.02,46,15,1,7,7,5
1871,386,772,1,50.0,2016.02,0,0,0,1,4,5
1786,390,780,2,50.25,2016.02,11,5,0,1,6,5
4232,1,1,3,50.27,2016.02,40,13,1,10,7,5
4525,10,10,1,50.28,2016.02,0,0,0,9,3,5
3598,7,7,2,50.35,2016.02,140,70,0,10,6,5
1405,106,169,3,50.4,2016.02,294,98,0,6,7,5
3936,97,155,1,50.5,2016.02,0,0,0,6,1,5
4442,20,22,1,50.77,2016.02,0,0,0,9,2,5
3524,108,172,2,51.1,2016.02,47,23,1,6,6,5
4236,41,49,1,51.2,2016.02,0,0,0,8,3,5
3249,181,325,1,51.2,2016.02,0,0,0,4,1,6
2248,190,342,3,51.28999999999999,2016.02,72,24,1,4,7,6
2554,123,196,21,51.29,2016.02,155,7,1,5,10,6
3212,90,125,2,51.3,2016.02,95,47,0,6,6,6
2965,210,378,2,51.4,2016.02,16,8,1,3,6,6
440,151,241,2,51.6,2016.02,55,27,1,5,6,6
918,98,156,2,51.7,2016.02,104,52,0,6,7,6
4461,4,4,2,51.75,2016.02,14,7,1,10,6,6
4532,9,9,1,51.78,2016.02,0,0,0,9,3,6
1751,411,822,1,52.0,2016.02,0,0,0,1,4,6
2346,148,236,2,52.0,2016.02,156,78,0,5,6,6
2974,225,405,1,52.2,2016.02,0,0,0,3,5,6
2714,160,256,3,52.4,2016.02,99,33,0,4,7,6
4099,59,70,1,52.5,2016.02,0,0,0,7,3,6
3569,129,206,2,52.6,2016.02,13,6,1,5,6,6
4022,30,33,3,53.0,2016.02,52,17,1,8,7,6
3932,98,156,1,53.05,2016.02,0,0,0,6,1,6
648,134,214,3,53.1,2016.02,211,70,0,5,7,6
2879,155,248,3,53.1,2016.02,83,27,1,4,7,6
4037,21,23,3,53.25,2016.02,59,19,1,9,7,6
1890,181,325,3,53.25,2016.02,193,64,0,4,7,6
3415,140,224,2,53.25,2016.02,28,14,1,5,7,6
785,104,166,3,53.4,2016.02,255,85,0,6,7,6
3593,140,224,2,53.5,2016.02,8,4,1,5,7,6
2995,168,268,2,53.69,2016.02,54,27,1,4,6,6
3412,137,219,1,53.8,2016.02,0,0,0,5,1,6
2416,263,473,3,53.9,2016.02,28,9,1,2,7,6
3030,169,270,2,53.95,2016.02,47,23,1,4,5,6
4538,1,1,2,54.1,2016.02,7,3,1,10,6,6
3093,207,372,1,54.15,2016.02,0,0,0,3,1,6
1160,188,338,2,54.18,2016.02,28,14,1,4,6,6
3528,20,22,3,54.4,2016.02,134,44,0,9,7,6
1242,159,254,3,54.4,2016.02,128,42,0,4,7,6
3116,29,31,2,54.45,2016.02,174,87,0,8,6,6
79,285,513,3,54.55,2016.02,34,11,1,2,7,6
2236,258,464,4,54.65,2016.02,64,16,1,2,8,6
1997,64,89,2,54.7,2016.02,229,114,0,7,5,6
4256,3,3,2,54.79,2016.02,35,17,1,10,6,6
2773,176,281,2,54.8,2016.02,77,38,0,4,6,6
1233,87,121,2,54.8,2016.02,30,15,1,6,6,6
2105,262,471,2,54.89,2016.02,85,42,0,2,6,6
2876,238,428,1,54.9,2016.02,0,0,0,3,5,6
4429,14,14,2,54.9,2016.02,7,3,1,9,5,6
2559,209,376,3,54.99,2016.02,55,18,1,3,7,6
3086,208,374,1,55.0,2016.02,0,0,0,3,1,6
2024,221,397,3,55.0,2016.02,139,46,0,3,7,6
3192,188,338,1,55.3,2016.02,0,0,0,4,1,6
3310,175,280,1,55.4,2016.02,0,0,0,4,2,6
2493,29,31,4,55.44,2016.02,258,64,0,8,8,6
3114,187,336,2,55.5,2016.02,16,8,1,4,6,6
3436,103,164,3,55.7,2016.02,62,20,1,6,7,6
2479,278,500,1,55.8,2016.02,0,0,0,2,4,6
2109,346,622,1,56.0,2016.02,0,0,0,1,4,6
2957,138,220,2,56.18000000000001,2016.02,90,45,0,5,7,6
3901,30,33,2,56.25,2016.02,70,35,0,8,6,6
3535,134,214,2,56.5,2016.02,19,9,1,5,6,6
3745,127,203,1,56.6,2016.02,0,0,0,5,1,6
877,70,98,3,56.65,2016.02,169,56,0,7,7,6
2825,195,351,7,56.68,2016.02,50,7,1,4,9,6
1925,143,228,4,56.75,2016.02,233,58,0,5,8,6
2918,124,198,3,56.8,2016.02,106,35,0,5,7,6
530,141,225,2,56.85,2016.02,207,103,0,5,7,6
592,83,116,8,56.9,2016.02,264,33,0,6,9,6
3327,176,281,1,57.3,2016.02,0,0,0,4,2,6
3903,101,161,1,57.35,2016.02,0,0,0,6,1,6
2964,43,51,2,57.4,2016.02,183,91,0,8,6,6
3136,197,354,1,57.5,2016.02,0,0,0,4,2,6
3757,126,201,1,57.5,2016.02,0,0,0,5,1,6
1372,315,567,1,57.6,2016.02,0,0,0,1,4,6
4047,54,64,2,57.6,2016.02,24,12,1,7,5,6
4511,6,6,2,57.7,2016.02,6,3,1,10,5,6
4446,7,7,2,57.7,2016.02,13,6,1,10,6,6
1740,41,49,3,57.7,2016.02,364,121,0,8,7,6
2212,325,585,1,57.75,2016.02,0,0,0,1,5,6
2213,325,585,1,57.75,2016.02,0,0,0,1,5,6
1026,159,254,3,57.8,2016.02,245,81,0,4,7,6
2330,87,121,3,57.8,2016.02,49,16,1,6,7,6
2366,259,466,2,57.8,2016.02,43,21,1,2,6,6
2894,230,414,2,57.95,2016.02,6,3,1,3,5,6
2674,264,475,1,58.0,2016.02,0,0,0,2,4,6
4472,17,18,1,58.09,2016.02,0,0,0,9,3,6
2457,131,209,6,58.1,2016.02,160,26,1,5,9,6
3250,20,22,15,58.1,2016.02,161,10,1,9,10,6
3935,2,2,2,58.5,2016.02,95,47,0,10,7,6
2508,286,514,1,58.8,2016.02,0,0,0,2,3,6
2573,279,502,1,58.9,2016.02,0,0,0,2,4,6
4300,34,40,1,59.0,2016.02,0,0,0,8,3,6
3527,103,164,4,59.0,2016.02,51,12,1,6,8,6
2461,284,511,2,59.1,2016.02,7,3,1,2,5,6
2496,287,516,1,59.2,2016.02,0,0,0,2,3,6
2712,186,334,4,59.25,2016.02,73,18,1,4,8,6
4438,11,11,1,59.67,2016.02,0,0,0,9,3,6
4492,6,6,2,59.67,2016.02,8,4,1,10,6,6
4316,33,39,1,59.75,2016.02,0,0,0,8,2,6
1374,8,8,2,59.8,2016.02,67,33,0,10,6,6
146,240,432,1,59.9,2016.02,0,0,0,3,5,6
3189,36,43,3,59.9,2016.02,152,50,0,8,7,6
3024,153,244,2,60.1,2016.02,64,32,0,5,6,6
1420,323,581,1,60.2,2016.02,0,0,0,1,5,6
2531,72,100,4,60.5,2016.02,209,52,0,7,8,6
2664,238,428,3,60.53,2016.02,28,9,1,3,7,6
1839,71,99,4,60.7,2016.02,53,13,1,7,8,6
1691,318,572,2,60.9,2016.02,105,52,0,1,6,6
257,264,475,1,61.0,2016.02,0,0,0,2,4,6
516,19,20,2,61.09,2016.02,170,85,0,9,6,6
1872,258,464,2,61.3,2016.02,128,64,0,2,6,6
2678,152,243,3,61.4,2016.02,111,37,0,5,7,6
2940,12,12,2,61.45,2016.02,218,109,0,9,5,6
3621,127,203,3,61.5,2016.02,18,6,1,5,7,6
4340,2,2,3,61.75,2016.02,29,9,1,10,7,6
3234,126,201,2,61.8,2016.02,56,28,1,5,6,6
4497,1,1,3,61.8,2016.02,13,4,1,10,7,6
3740,31,37,2,61.870000000000005,2016.02,98,49,0,8,6,6
857,16,17,2,62.0,2016.02,174,87,0,9,5,6
4191,21,23,2,62.0,2016.02,25,12,1,9,6,6
3851,98,156,2,62.05,2016.02,12,6,1,6,7,6
1182,13,13,1,62.25,2016.02,0,0,0,9,2,6
3019,51,61,3,62.25,2016.02,167,55,0,7,7,6
1064,6,6,3,62.38,2016.02,273,91,0,10,7,6
2233,322,579,1,62.75,2016.02,0,0,0,1,5,6
1351,408,816,1,63.0,2016.02,0,0,0,1,3,6
3013,218,392,1,63.0,2016.02,0,0,0,3,5,6
2509,286,514,1,63.0,2016.02,0,0,0,2,3,6
3263,176,281,2,63.05,2016.02,3,1,1,4,6,6
3006,163,260,2,63.1,2016.02,56,28,1,4,6,6
2133,85,118,4,63.2,2016.02,258,64,0,6,8,6
181,269,484,2,63.2,2016.02,133,66,0,2,6,6
377,316,568,1,63.53,2016.02,0,0,0,1,4,6
2983,8,8,3,63.55,2016.02,215,71,0,10,7,6
4156,33,39,2,63.7,2016.02,17,8,1,8,6,6
2598,274,493,1,63.8,2016.02,0,0,0,2,4,6
2750,209,376,2,63.9,2016.02,47,23,1,3,6,6
3009,2,2,2,64.0,2016.02,217,108,0,10,6,6
2725,225,405,2,64.0,2016.02,32,16,1,3,6,6
4067,65,91,1,64.0,2016.02,0,0,0,7,3,6
3572,71,99,1,64.0,2016.02,0,0,0,7,3,6
3122,124,198,4,64.0,2016.02,77,19,1,5,8,6
2411,270,486,4,64.0,2016.02,27,6,1,2,8,6
3361,82,114,3,64.0,2016.02,91,30,0,6,7,6
822,176,281,1,64.1,2016.02,0,0,0,4,2,6
1898,113,180,3,64.4,2016.02,268,89,0,6,7,6
1088,252,453,2,64.5,2016.02,83,41,0,3,7,6
1584,73,102,2,64.5,2016.02,3,1,1,7,5,6
812,165,264,3,64.5,2016.02,169,56,0,4,7,6
2412,297,534,1,64.5,2016.02,0,0,0,2,4,6
105,141,225,1,64.6,2016.02,0,0,0,5,1,6
2116,24,26,5,64.6,2016.02,322,64,0,9,8,6
4378,27,29,1,65.08,2016.02,0,0,0,8,2,6
543,229,412,2,65.4,2016.02,182,91,0,3,5,6
2668,32,38,4,65.45,2016.02,233,58,0,8,8,6
4033,27,29,2,65.66,2016.02,53,26,1,8,6,6
3568,133,212,3,65.75,2016.02,17,5,1,5,7,6
691,235,423,5,66.0,2016.02,90,18,1,3,8,6
3510,31,37,2,66.15,2016.02,118,59,0,8,6,6
2223,310,558,3,66.25,2016.02,14,4,1,1,7,6
1920,378,756,1,66.5,2016.02,0,0,0,1,4,6
3186,188,338,1,66.5,2016.02,0,0,0,4,1,6
4217,43,51,1,66.5,2016.02,0,0,0,8,3,6
4092,63,88,1,66.5,2016.02,0,0,0,7,3,6
3561,141,225,1,66.6,2016.02,0,0,0,5,1,6
811,128,204,3,66.85,2016.02,44,14,1,5,7,6
3406,97,155,3,66.9,2016.02,72,24,1,6,7,6
4498,2,2,1,67.1,2016.02,0,0,0,10,2,6
2532,283,509,1,67.2,2016.02,0,0,0,2,3,6
2834,216,388,2,67.4,2016.02,28,14,1,3,6,6
2276,237,426,3,67.48,2016.02,79,26,1,3,7,6
4237,41,49,1,67.6,2016.02,0,0,0,8,3,6
2264,80,112,27,67.7,2016.02,237,8,1,7,10,6
2625,261,469,2,67.85,2016.02,10,5,1,2,6,6
3720,112,179,4,68.0,2016.02,19,4,1,6,8,6
1972,261,469,2,68.0,2016.02,105,52,0,2,6,6
1442,57,68,3,68.1,2016.02,110,36,0,7,7,6
4458,19,20,1,68.21,2016.02,0,0,0,9,2,6
4476,1,1,2,68.5,2016.02,15,7,1,10,6,6
3118,189,340,2,68.5,2016.02,13,6,1,4,6,6
3686,17,18,4,68.5,2016.02,119,29,1,9,8,6
4569,4,4,1,68.9,2016.02,0,0,0,10,2,6
2934,231,415,1,68.9,2016.02,0,0,0,3,5,6
43,133,212,1,69.0,2016.02,0,0,0,5,1,6
1755,186,334,5,69.3,2016.02,224,44,0,4,8,6
4465,9,9,2,69.35,2016.02,9,4,1,9,6,6
3878,77,107,2,69.4,2016.02,29,14,1,7,6,6
4251,39,46,1,69.5,2016.02,0,0,0,8,3,6
2748,257,462,1,69.6,2016.02,0,0,0,2,4,6
2427,280,504,3,69.6,2016.02,14,4,1,2,7,6
1796,233,419,3,69.6,2016.02,166,55,0,3,7,6
1103,184,331,2,69.7,2016.02,199,99,0,4,6,6
3082,209,376,1,69.7,2016.02,0,0,0,3,4,6
2925,211,379,3,69.75,2016.02,21,7,1,3,7,6
2485,48,57,3,70.0,2016.02,240,80,0,7,7,6
2003,220,396,3,70.3,2016.02,46,15,1,3,7,6
1534,359,646,1,70.4,2016.02,0,0,0,1,4,6
1061,260,468,4,70.5,2016.02,51,12,1,2,7,6
1140,155,248,3,70.5,2016.02,145,48,0,5,7,6
876,214,385,3,70.5,2016.02,153,51,0,3,7,6
3233,182,327,1,70.55,2016.02,0,0,0,4,1,6
2785,210,378,3,70.55,2016.02,41,13,1,3,7,6
3403,83,116,3,70.6,2016.02,86,28,1,6,7,6
4151,6,6,3,70.9,2016.02,39,13,1,10,7,6
4372,29,31,1,71.28,2016.02,0,0,0,8,2,6
2659,266,478,1,71.5,2016.02,0,0,0,2,4,6
4140,26,28,2,71.72,2016.02,27,13,1,8,6,6
2651,168,268,3,71.9,2016.02,99,33,0,4,7,6
3350,174,278,1,72.0,2016.02,0,0,0,4,2,6
403,233,419,5,72.0,2016.02,184,36,0,3,8,6
45,337,606,4,72.0,2016.02,69,17,1,1,8,6
2883,94,150,5,72.2,2016.02,144,28,1,6,8,6
1808,242,435,3,72.3,2016.02,155,51,0,3,7,6
2720,189,340,2,72.35,2016.02,69,34,0,4,6,6
1908,190,342,2,72.5,2016.02,189,94,0,4,6,6
3649,141,225,1,72.6,2016.02,0,0,0,5,1,6
3562,95,152,4,72.65,2016.02,56,14,1,6,8,6
3639,142,227,1,72.75,2016.02,0,0,0,5,1,6
3643,104,166,3,72.8,2016.02,38,12,1,6,7,6
1711,180,288,4,72.9,2016.02,238,59,0,4,8,6
1868,78,109,3,73.1,2016.02,308,102,0,7,7,6
1622,348,626,2,73.4,2016.02,62,31,0,1,6,6
4105,7,7,2,73.49,2016.02,50,25,1,10,6,6
2541,219,394,3,73.6,2016.02,63,21,1,3,7,6
3054,211,379,1,73.75,2016.02,0,0,0,3,5,6
2809,182,327,2,73.8,2016.02,36,18,1,4,6,6
3988,90,125,1,73.9,2016.02,0,0,0,6,3,6
1609,343,617,3,74.0,2016.02,34,11,1,1,7,6
668,159,254,3,74.25,2016.02,86,28,1,4,7,7
2258,4,4,4,74.47,2016.02,314,78,0,10,8,7
1598,260,468,2,74.55,2016.02,84,42,0,2,6,7
1193,189,340,4,74.65,2016.02,228,57,0,4,7,7
3459,146,233,2,74.8,2016.02,14,7,1,5,6,7
2113,83,116,3,75.0,2016.02,263,87,0,6,7,7
2093,1,1,4,75.24,2016.02,154,38,0,10,8,7
987,5,5,1,75.5,2016.02,0,0,0,10,2,7
3530,154,246,1,75.5,2016.02,0,0,0,5,2,7
4506,13,13,1,75.5,2016.02,0,0,0,9,2,7
2815,189,340,3,75.8,2016.02,57,19,1,4,7,7
2626,245,441,2,75.9,2016.02,26,13,1,3,6,7
4053,6,6,3,76.06,2016.02,70,23,1,10,7,7
4411,20,22,2,76.30000000000001,2016.02,3,1,1,9,6,7
4426,22,24,1,76.36,2016.02,0,0,0,9,2,7
3990,89,124,1,76.7,2016.02,0,0,0,6,3,7
4531,9,9,1,76.99,2016.02,0,0,0,9,3,7
2459,93,148,3,77.5,2016.02,191,63,0,6,7,7
3457,92,147,3,77.5,2016.02,70,23,1,6,7,7
3782,80,112,2,77.5,2016.02,41,20,1,7,5,7
2808,214,385,4,77.55,2016.02,34,8,1,3,7,7
1116,168,268,2,77.6,2016.02,133,66,0,4,6,7
3490,43,51,5,77.7,2016.02,115,23,1,8,8,7
3607,112,179,5,77.78,2016.02,34,6,1,6,8,7
3869,73,102,3,78.0,2016.02,34,11,1,7,7,7
3776,57,68,2,78.15,2016.02,66,33,0,7,5,7
2558,281,505,1,78.2,2016.02,0,0,0,2,3,7
4179,47,56,1,78.5,2016.02,0,0,0,7,3,7
2682,263,473,1,78.7,2016.02,0,0,0,2,4,7
3362,169,270,1,78.7,2016.02,0,0,0,4,2,7
2648,263,473,2,78.9,2016.02,4,2,1,2,6,7
2836,21,23,2,79.02,2016.02,223,111,0,9,6,7
2917,225,405,2,79.05000000000001,2016.02,7,3,1,3,6,7
2933,231,415,1,79.1,2016.02,0,0,0,3,5,7
4597,1,1,1,79.25,2016.02,0,0,0,10,2,7
4002,74,103,3,79.3,2016.02,14,4,1,7,7,7
2284,144,230,3,79.35,2016.02,165,55,0,5,7,7
4450,16,17,2,79.75,2016.02,4,2,1,9,5,7
3964,8,8,2,79.75999999999999,2016.02,85,42,0,10,6,7
3387,141,225,3,79.8,2016.02,30,10,1,5,7,7
871,209,376,3,80.0,2016.02,71,23,1,3,7,7
3521,91,145,8,80.0,2016.02,64,8,1,6,9,7
1229,386,772,1,80.0,2016.02,0,0,0,1,4,7
1125,160,256,5,80.0,2016.02,43,8,1,4,8,7
3514,40,48,3,80.0,2016.02,115,38,0,8,7,7
1853,136,217,5,80.0,2016.02,252,50,0,5,8,7
1415,141,225,5,80.2,2016.02,210,42,0,5,8,7
2471,179,286,2,80.4,2016.02,111,55,0,4,6,7
3635,80,112,2,80.5,2016.02,63,31,0,7,5,7
2997,181,325,2,80.5,2016.02,29,14,1,4,6,7
3455,39,46,5,80.71000000000001,2016.02,121,24,1,8,8,7
744,326,586,3,81.25,2016.02,92,30,0,1,7,7
3465,22,24,3,81.30000000000001,2016.02,101,33,0,9,7,7
2012,163,260,5,81.4,2016.02,192,38,0,4,8,7
3145,196,352,1,81.7,2016.02,0,0,0,4,1,7
2438,293,527,1,82.0,2016.02,0,0,0,2,4,7
3534,154,246,1,82.1,2016.02,0,0,0,5,2,7
1982,273,491,4,82.5,2016.02,92,23,1,2,8,7
2347,304,547,1,82.5,2016.02,0,0,0,2,4,7
4070,59,70,2,82.9,2016.02,12,6,1,7,5,7
2903,83,116,4,83.05,2016.02,152,38,0,6,8,7
1007,291,523,4,83.25,2016.02,119,29,1,2,8,7
2817,96,153,3,83.3,2016.02,139,46,0,6,7,7
1355,39,46,3,83.4,2016.02,210,70,0,8,7,7
2884,215,387,2,83.45,2016.02,23,11,1,3,6,7
3333,60,72,10,83.6,2016.02,114,11,1,7,9,7
2564,22,24,3,83.75,2016.02,257,85,0,9,7,7
1173,40,48,3,83.75,2016.02,241,80,0,8,7,7
4026,13,13,3,83.9,2016.02,69,23,1,9,7,7
3481,1,1,12,83.9,2016.02,158,13,1,10,9,7
1038,77,107,5,84.0,2016.02,141,28,1,7,8,7
2719,224,403,4,84.0,2016.02,34,8,1,3,7,7
3165,139,222,6,84.15,2016.02,51,8,1,5,8,7
3844,38,45,2,84.2,2016.02,74,37,0,8,6,7
1003,215,387,1,84.5,2016.02,0,0,0,3,5,7
30,293,527,4,84.75,2016.02,87,21,1,2,8,7
489,288,518,3,85.8,2016.02,81,27,1,2,7,7
2893,214,385,2,86.0,2016.02,22,11,1,3,6,7
2555,281,505,1,86.0,2016.02,0,0,0,2,3,7
558,69,96,4,86.3,2016.02,79,19,1,7,8,7
3881,3,3,4,86.47,2016.02,43,10,1,10,8,7
2742,47,56,5,86.5,2016.02,210,42,0,7,8,7
2801,218,392,3,87.25,2016.02,31,10,1,3,7,7
2722,118,188,5,87.3,2016.02,128,25,1,5,8,7
1399,263,473,4,87.35,2016.02,78,19,1,2,8,7
3808,6,6,3,87.4,2016.02,112,37,0,10,7,7
4035,23,25,3,88.0,2016.02,57,19,1,9,7,7
4177,10,10,6,88.0,2016.02,37,6,1,9,8,7
1846,367,734,2,88.5,2016.02,23,11,0,1,5,7
3783,121,193,1,88.5,2016.02,0,0,0,5,1,7
2749,252,453,1,88.7,2016.02,0,0,0,2,4,7
3060,211,379,1,88.9,2016.02,0,0,0,3,5,7
4202,5,5,4,88.9,2016.02,40,10,1,10,8,7
3661,16,17,2,88.97,2016.02,124,62,0,9,5,7
346,84,117,6,89.00999999999999,2016.02,225,37,0,6,8,7
3899,57,68,3,89.6,2016.02,45,15,1,7,7,7
4135,53,63,1,90.0,2016.02,0,0,0,7,3,7
3,404,808,3,90.0,2016.02,10,3,0,1,7,7
2399,167,267,5,90.05,2016.02,131,26,1,4,8,7
3802,119,190,1,90.2,2016.02,0,0,0,5,1,7
1524,267,480,2,90.3,2016.02,119,59,0,2,6,7
1723,44,52,4,90.4,2016.02,332,83,0,7,8,7
746,222,399,3,90.4,2016.02,72,24,1,3,7,7
1583,53,63,2,90.5,2016.02,101,50,0,7,5,7
2208,81,113,5,90.6,2016.02,245,49,0,6,8,7
3315,86,120,3,91.25,2016.02,91,30,0,6,7,7
2482,29,31,4,91.29,2016.02,251,62,0,8,7,7
1878,136,217,4,91.3,2016.02,249,62,0,5,7,7
3681,47,56,3,91.35,2016.02,90,30,1,7,7,7
1797,276,496,1,91.8,2016.02,0,0,0,2,4,7
4562,6,6,1,92.0,2016.02,0,0,0,10,2,7
3743,49,58,4,92.25,2016.02,79,19,1,7,8,7
87,356,640,2,92.5,2016.02,41,20,1,1,6,7
1996,323,581,5,92.55,2016.02,39,7,1,1,8,7
3682,137,219,1,92.7,2016.02,0,0,0,5,1,7
774,26,28,4,92.88,2016.02,88,22,1,8,7,7
2777,104,166,3,93.0,2016.02,148,49,0,6,7,7
3842,113,180,1,93.1,2016.02,0,0,0,6,1,7
2827,168,268,2,93.15,2016.02,77,38,0,4,5,7
1255,47,56,3,93.3,2016.02,234,78,0,7,7,7
3095,36,43,4,93.3,2016.02,171,42,0,8,8,7
4363,29,31,1,93.46,2016.02,0,0,0,8,2,7
3382,171,273,1,93.5,2016.02,0,0,0,4,2,7
2369,301,541,1,93.5,2016.02,0,0,0,2,4,7
2909,158,252,5,93.5,2016.02,76,15,1,4,8,7
3778,27,29,4,94.8,2016.02,95,23,1,8,8,7
349,133,212,6,95.0,2016.02,209,34,0,5,8,7
2433,261,469,4,95.22,2016.02,32,8,1,2,8,7
2666,266,478,1,95.57,2016.02,0,0,0,2,4,7
2768,229,412,5,95.75,2016.02,24,4,1,3,8,7
660,75,105,5,96.0,2016.02,314,62,0,7,8,7
2004,136,217,6,96.25,2016.02,226,37,0,5,8,7
2905,235,423,1,96.3,2016.02,0,0,0,3,5,7
649,23,25,5,96.5,2016.02,349,69,0,9,8,7
3172,49,58,4,96.7,2016.02,141,35,0,7,8,7
219,162,259,4,96.95,2016.02,164,41,0,4,8,7
1877,77,107,6,97.25,2016.02,308,51,0,7,8,7
963,279,502,2,97.35,2016.02,36,18,1,2,6,7
1083,106,169,3,97.4,2016.02,142,47,0,6,7,7
790,57,68,2,97.4,2016.02,265,132,0,7,5,7
3110,203,365,2,97.5,2016.02,0,0,0,3,6,7
3179,189,340,1,97.65,2016.02,0,0,0,4,1,7
2775,30,33,6,98.09,2016.02,223,37,0,8,8,7
1127,107,171,6,98.1,2016.02,281,46,0,6,8,7
2273,253,455,4,98.4,2016.02,63,15,1,2,7,7
1215,16,17,5,98.7,2016.02,106,21,1,9,8,7
458,338,608,3,98.75,2016.02,74,24,1,1,7,7
3125,125,200,2,98.82,2016.02,75,37,0,5,6,7
3848,41,49,5,98.9,2016.02,71,14,1,8,8,7
3597,147,235,1,99.1,2016.02,0,0,0,5,1,7
844,22,24,5,99.18,2016.02,329,65,0,9,8,7
2787,78,109,4,99.35,2016.02,161,40,0,7,8,7
2222,131,209,6,99.7,2016.02,193,32,0,5,9,7
4198,12,12,4,99.75,2016.02,33,8,1,9,7,7
4366,15,15,2,99.75,2016.02,10,5,1,9,6,7
4204,30,33,2,99.8,2016.02,14,7,1,8,6,7
2993,140,224,4,100.1,2016.02,82,20,1,5,8,7
1840,216,388,3,100.26,2016.02,174,58,0,3,7,7
1724,35,42,7,100.45,2016.02,379,54,0,8,9,7
427,180,288,8,100.62,2016.02,230,28,1,4,9,7
2914,216,388,3,101.1,2016.02,16,5,1,3,7,7
2935,181,325,2,101.25,2016.02,49,24,1,4,6,7
2110,270,486,4,101.5,2016.02,76,19,1,2,8,7
2644,176,281,5,101.7,2016.02,92,18,1,4,8,7
2161,337,606,1,101.93,2016.02,0,0,0,1,5,7
4224,14,14,2,102.2,2016.02,28,14,1,9,5,7
3139,196,352,1,102.5,2016.02,0,0,0,4,2,7
1637,151,241,2,102.7,2016.02,166,83,0,5,6,7
48,296,532,2,103.2,2016.02,119,59,0,2,6,7
2032,23,25,2,103.47,2016.02,134,67,0,9,6,7
1907,365,657,2,103.5,2016.02,14,7,1,1,6,7
2190,159,254,3,103.5,2016.02,170,56,0,4,7,7
1502,50,60,1,103.5,2016.02,0,0,0,7,3,7
2790,22,24,6,103.75,2016.02,228,38,0,9,8,7
4419,22,24,1,103.75,2016.02,0,0,0,9,2,7
1314,221,397,6,104.0,2016.02,165,27,1,3,8,7
2838,244,439,1,104.0,2016.02,0,0,0,3,5,7
849,390,780,5,104.25,2016.02,31,6,0,1,8,7
2234,15,15,6,104.5,2016.02,210,35,0,9,8,7
1505,245,441,4,104.6,2016.02,49,12,1,3,8,7
2862,4,4,3,104.7,2016.02,236,78,0,10,7,7
3799,103,164,1,105.05,2016.02,0,0,0,6,1,7
3155,189,340,2,105.55,2016.02,6,3,1,4,6,7
2662,266,478,1,106.0,2016.02,0,0,0,2,4,7
3637,17,18,3,106.28,2016.02,126,42,0,9,7,7
2309,175,280,4,106.8,2016.02,136,34,0,4,8,7
3401,169,270,1,107.0,2016.02,0,0,0,4,2,7
4049,77,107,1,107.0,2016.02,0,0,0,7,3,7
3039,214,385,1,107.0,2016.02,0,0,0,3,5,7
3605,147,235,1,107.0,2016.02,0,0,0,5,1,7
2896,25,27,3,107.29,2016.02,211,70,0,8,7,7
495,311,559,2,107.3,2016.02,111,55,0,1,6,7
2231,267,480,3,107.8,2016.02,56,18,1,2,7,7
4152,51,61,1,107.9,2016.02,0,0,0,7,3,7
3940,7,7,5,107.92,2016.02,89,17,1,10,8,7
2299,295,531,1,108.2,2016.02,0,0,0,2,4,7
2824,182,327,4,108.2,2016.02,63,15,1,4,7,7
1367,6,6,4,108.27,2016.02,298,74,0,10,8,7
3952,21,23,5,108.44,2016.02,29,5,1,9,8,7
4248,25,27,3,108.55,2016.02,14,4,1,8,7,7
2579,32,38,3,109.15,2016.02,245,81,0,8,7,7
2936,55,66,4,109.2,2016.02,175,43,0,7,8,7
3780,46,55,6,109.4,2016.02,77,12,1,7,8,7
2932,173,276,4,109.5,2016.02,58,14,1,4,8,7
3638,143,228,1,109.8,2016.02,0,0,0,5,1,7
2841,19,20,7,109.84,2016.02,217,31,0,9,9,7
117,194,349,1,109.88,2016.02,0,0,0,4,1,7
2203,268,482,5,109.98,2016.02,59,11,1,2,8,7
4166,49,58,1,110.0,2016.02,0,0,0,7,3,7
1699,301,541,3,110.9,2016.02,121,40,0,2,7,7
439,76,106,7,110.92,2016.02,300,42,0,7,9,7
88,364,655,1,111.0,2016.02,0,0,0,1,4,7
3342,36,43,5,111.25,2016.02,139,27,1,8,8,7
3154,99,158,2,111.4,2016.02,96,48,0,6,6,7
1886,382,764,1,111.5,2016.02,0,0,0,1,4,7
4195,41,49,2,111.8,2016.02,5,2,1,8,6,7
3877,38,45,4,111.8,2016.02,68,17,1,8,8,7
1237,136,217,6,112.66,2016.02,280,46,0,5,8,7
16082,137,219,8,113.25,2016.02,224,28,1,5,9,7
3870,51,61,2,113.5,2016.02,56,28,1,7,5,7
4106,43,51,2,113.6,2016.02,14,7,1,7,6,7
2423,186,334,4,113.6,2016.02,108,27,1,4,8,7
4279,5,5,4,113.9,2016.02,31,7,1,10,8,7
2767,253,455,2,114.0,2016.02,0,0,0,2,7,8
3037,18,19,3,114.25,2016.02,197,65,0,9,7,8
1844,390,780,1,114.5,2016.02,0,0,0,1,4,8
4159,50,60,1,114.5,2016.02,0,0,0,7,3,8
3973,8,8,4,114.55,2016.02,84,21,1,10,8,8
2636,211,379,7,114.65,2016.02,58,8,1,3,9,8
3695,129,206,1,114.7,2016.02,0,0,0,5,1,8
2833,244,439,1,114.9,2016.02,0,0,0,3,5,8
3150,7,7,3,115.06,2016.02,188,62,0,10,7,8
2492,255,459,2,115.1,2016.02,32,16,1,2,7,8
3397,169,270,1,115.11,2016.02,0,0,0,4,2,8
2497,284,511,2,115.6,2016.02,3,1,1,2,5,8
868,11,11,5,115.7,2016.02,382,76,0,9,8,8
2219,324,583,1,116.0,2016.02,0,0,0,1,5,8
2839,143,228,6,116.4,2016.02,101,16,1,5,8,8
3100,79,110,5,116.5,2016.02,127,25,1,7,8,8
2888,94,150,6,116.65,2016.02,143,23,1,6,8,8
1806,239,430,4,116.7,2016.02,158,39,0,3,8,8
2726,169,270,2,117.4,2016.02,88,44,0,4,5,8
1110,137,219,5,117.5,2016.02,261,52,0,5,8,8
3450,5,5,4,117.5,2016.02,157,39,0,10,8,8
4185,3,3,4,117.9,2016.02,42,10,1,10,8,8
3719,9,9,4,118.0,2016.02,74,18,1,9,8,8
3386,154,246,3,118.2,2016.02,17,5,1,5,7,8
3587,123,196,3,118.8,2016.02,26,8,1,5,7,8
1100,53,63,3,119.0,2016.02,366,122,0,7,7,8
186,135,216,4,119.55,2016.02,25,6,1,5,7,8
841,78,109,7,119.6,2016.02,231,33,0,7,9,8
3236,182,327,1,120.5,2016.02,0,0,0,4,1,8
2584,161,257,4,120.75,2016.02,115,28,1,4,8,8
2967,47,56,4,120.9,2016.02,140,35,0,7,8,8
4012,86,120,1,121.0,2016.02,0,0,0,6,3,8
2345,33,39,6,121.3,2016.02,271,45,0,8,8,8
1850,149,238,6,122.7,2016.02,240,40,0,5,8,8
3734,17,18,5,122.9,2016.02,113,22,1,9,8,8
2946,97,155,3,122.9,2016.02,132,44,0,6,7,8
3160,179,286,2,123.0,2016.02,15,7,1,4,6,8
1227,378,756,4,123.5,2016.02,36,9,0,1,8,8
4403,8,8,3,123.9,2016.02,17,5,1,10,7,8
2483,288,518,1,124.0,2016.02,0,0,0,2,3,8
2417,295,531,1,124.1,2016.02,0,0,0,2,4,8
3414,140,224,2,124.5,2016.02,28,14,1,5,7,8
2466,71,99,5,124.9,2016.02,219,43,0,7,8,8
1919,170,272,4,125.0,2016.02,241,60,0,4,8,8
4091,8,8,4,125.22,2016.02,55,13,1,10,8,8
3489,158,252,1,126.0,2016.02,0,0,0,4,2,8
875,162,259,4,126.25,2016.02,258,64,0,4,8,8
1892,324,583,3,127.5,2016.02,57,19,1,1,7,8
2658,197,354,3,127.85,2016.02,58,19,1,3,7,8
3312,177,283,1,127.99,2016.02,0,0,0,4,1,8
164,115,184,4,128.0,2016.02,273,68,0,5,8,8
3364,103,164,4,128.0,2016.02,70,17,1,6,8,8
2823,144,230,2,128.4,2016.02,102,51,0,5,6,8
2747,162,259,5,128.4,2016.02,95,19,1,4,8,8
3590,47,56,4,129.1,2016.02,101,25,1,7,8,8
798,5,5,4,129.37,2016.02,94,23,1,10,8,8
294,108,172,5,130.1,2016.02,116,23,1,6,8,8
1201,171,273,3,130.8,2016.02,154,51,0,4,7,8
1687,316,568,2,130.9,2016.02,108,54,0,1,6,8
1569,334,601,5,131.4,2016.02,50,10,1,1,8,8
4377,6,6,5,131.5,2016.02,22,4,1,10,8,8
441,86,120,2,131.75,2016.02,223,111,0,6,5,8
4242,25,27,3,132.62,2016.02,15,5,1,8,7,8
1874,10,10,4,133.5,2016.02,375,93,0,9,8,8
2329,307,552,1,133.65,2016.02,0,0,0,1,5,8
3025,185,333,3,134.35000000000002,2016.02,32,10,1,4,7,8
2028,360,648,2,135.0,2016.02,0,0,0,1,6,8
1508,22,24,3,135.35000000000002,2016.02,13,4,1,9,7,8
3011,83,116,6,135.6,2016.02,135,22,1,6,8,8
2140,291,523,4,135.8,2016.02,50,12,1,2,8,8
2227,272,489,3,136.0,2016.02,51,17,1,2,7,8
4556,6,6,1,136.5,2016.02,0,0,0,10,2,8
3170,163,260,3,137.3,2016.02,27,9,1,4,7,8
141,100,160,6,137.45,2016.02,272,45,0,6,8,8
977,225,405,3,139.32,2016.02,165,55,0,3,7,8
2538,55,66,4,140.8,2016.02,178,44,0,7,8,8
3854,6,6,5,141.05,2016.02,105,21,1,10,8,8
2687,211,379,6,141.12,2016.02,51,8,1,3,8,8
734,35,42,9,141.4,2016.02,369,41,0,8,9,8
4332,5,5,5,141.88,2016.02,27,5,1,10,8,8
1979,138,220,8,142.75,2016.02,227,28,1,5,9,8
3502,28,30,6,142.88,2016.02,129,21,1,8,9,8
3816,117,187,1,142.95,2016.02,0,0,0,5,1,8
1978,284,511,6,143.0,2016.02,81,13,1,2,8,8
2386,269,484,2,143.1,2016.02,31,15,1,2,6,8
3543,57,68,5,143.7,2016.02,96,19,1,7,8,8
1537,179,286,1,144.0,2016.02,0,0,0,4,1,8
1866,41,49,6,144.75,2016.02,341,56,0,8,9,8
2152,175,280,5,144.89,2016.02,163,32,0,4,8,8
3135,137,219,4,144.9,2016.02,60,15,1,5,7,8
3533,9,9,8,145.34,2016.02,145,18,1,9,9,8
3085,187,336,3,145.95,2016.02,21,7,1,4,7,8
342,165,264,8,146.05,2016.02,235,29,1,4,9,8
3261,54,64,4,146.05,2016.02,125,31,0,7,8,8
1484,344,619,4,146.29,2016.02,54,13,1,1,8,8
2407,74,103,8,146.6,2016.02,218,27,1,7,9,8
4293,8,8,3,147.36,2016.02,21,7,1,10,7,8
3218,164,262,3,147.45,2016.02,20,6,1,4,7,8
1762,230,414,4,147.49,2016.02,178,44,0,3,8,8
2926,181,325,3,147.55,2016.02,50,16,1,4,7,8
3767,72,100,6,148.5,2016.02,52,8,1,7,8,8
4427,3,3,2,148.5,2016.02,18,9,1,10,6,8
1904,2,2,6,149.55,2016.02,378,63,0,10,8,8
347,70,98,3,149.6,2016.02,344,114,0,7,7,8
2171,252,453,2,150.45,2016.02,34,17,1,3,7,8
1078,114,182,8,150.5,2016.02,198,24,1,6,9,8
2955,31,37,6,150.5,2016.02,198,33,0,8,8,8
481,92,147,5,150.65,2016.02,233,46,0,6,8,8
3123,83,116,6,151.0,2016.02,118,19,1,6,8,8
3337,104,166,9,151.75,2016.02,71,7,1,6,9,8
4457,4,4,2,151.75,2016.02,15,7,1,10,6,8
2027,106,169,11,152.0,2016.02,254,23,1,6,9,8
3523,29,31,7,152.2,2016.02,126,18,1,8,9,8
1211,165,264,2,153.6,2016.02,51,25,1,4,6,8
2434,249,448,7,153.8,2016.02,44,6,1,3,9,8
2435,275,495,4,153.8,2016.02,18,4,1,2,8,8
3934,98,156,1,154.56,2016.02,0,0,0,6,1,8
3031,62,86,17,155.9,2016.02,154,9,1,7,10,8
619,286,514,14,156.9,2016.02,124,8,1,2,10,8
2432,266,478,3,157.35,2016.02,27,9,1,2,7,8
3755,126,201,1,157.7,2016.02,0,0,0,5,1,8
2383,295,531,3,157.8,2016.02,5,1,1,2,7,8
1894,111,177,7,158.05,2016.02,270,38,0,6,9,8
2875,160,256,11,158.4,2016.02,78,7,1,4,9,8
1595,315,567,2,158.5,2016.02,92,46,0,1,6,8
1970,230,414,10,158.5,2016.02,137,13,1,3,9,8
1096,22,24,3,159.05,2016.02,270,90,0,9,7,8
1119,239,430,3,159.3,2016.02,140,46,0,3,7,8
3953,8,8,4,159.39999999999998,2016.02,86,21,1,10,8,8
3724,44,52,8,159.42000000000002,2016.02,87,10,1,7,9,8
3773,12,12,9,159.5,2016.02,111,12,1,9,9,8
3612,146,233,1,159.7,2016.02,0,0,0,5,1,8
4436,8,8,3,159.73000000000002,2016.02,13,4,1,9,7,8
2298,103,164,2,160.5,2016.02,209,104,0,6,6,8
563,174,278,5,160.6,2016.02,138,27,1,4,8,8
1794,259,466,7,160.8,2016.02,140,20,1,2,9,8
1163,148,236,6,160.9,2016.02,180,30,1,5,8,8
3920,8,8,3,161.28,2016.02,91,30,0,10,7,8
1538,321,577,3,161.8,2016.02,41,13,1,1,7,8
2045,44,52,5,162.60000000000002,2016.02,313,62,0,7,8,8
1746,42,50,6,162.75,2016.02,370,61,0,8,9,8
2381,183,329,4,162.87,2016.02,118,29,1,4,8,8
3891,94,150,3,163.55,2016.02,11,3,1,6,7,8
3548,17,18,10,164.0,2016.02,134,13,1,9,9,8
3340,64,89,5,164.55,2016.02,111,22,1,7,8,8
3383,8,8,5,164.6,2016.02,163,32,0,10,8,8
1779,154,246,3,165.75,2016.02,249,83,0,5,7,8
1287,64,89,5,165.9,2016.02,278,55,0,7,8,8
3477,97,155,3,166.1,2016.02,63,21,1,6,7,8
3662,99,158,2,167.20000000000002,2016.02,41,20,1,6,6,8
2316,77,107,7,167.25,2016.02,229,32,0,7,9,8
1863,179,286,8,167.47,2016.02,208,26,1,4,9,8
1254,53,63,5,167.5,2016.02,310,62,0,7,8,8
300,2,2,7,169.17000000000002,2016.02,276,39,0,10,9,8
549,82,114,8,169.8,2016.02,236,29,1,6,9,8
3264,105,168,2,170.0,2016.02,74,37,0,6,6,8
4014,10,10,5,171.8,2016.02,75,15,1,9,8,8
2793,250,450,1,172.5,2016.02,0,0,0,3,5,8
17,181,325,2,172.75,2016.02,27,13,1,4,6,8
828,19,20,6,173.1,2016.02,342,57,0,9,8,8
4252,29,31,3,173.16,2016.02,10,3,1,8,7,8
1248,132,211,16,173.87,2016.02,256,16,1,5,10,8
831,138,220,3,174.6,2016.02,157,52,0,5,7,8
2061,58,69,9,174.65,2016.02,296,32,0,7,9,8
1290,236,424,5,175.0,2016.02,182,36,0,3,8,8
1381,188,338,7,175.24,2016.02,213,30,0,4,9,8
3432,166,265,1,175.5,2016.02,0,0,0,4,2,8
3299,87,121,10,175.95,2016.02,91,9,1,6,9,8
1709,26,28,9,176.25,2016.02,379,42,0,8,9,8
2751,5,5,25,177.1,2016.02,251,10,1,10,10,8
973,79,110,12,177.2,2016.02,324,27,1,7,9,8
1209,112,179,39,177.4,2016.02,308,7,1,6,10,8
415,221,397,4,177.4,2016.02,179,44,0,3,8,8
3063,210,378,1,177.5,2016.02,0,0,0,3,5,8
3665,8,8,6,177.97,2016.02,131,21,1,10,9,8
2821,84,117,8,180.32,2016.02,156,19,1,6,9,8
3062,207,372,2,180.9,2016.02,3,1,1,3,5,8
2214,173,276,10,181.43,2016.02,152,15,1,4,9,8
2506,25,27,4,181.65,2016.02,237,59,0,8,8,8
2574,223,401,6,181.7,2016.02,55,9,1,3,9,8
398,341,613,8,181.79,2016.02,76,9,1,1,9,8
2649,32,38,6,182.0,2016.02,235,39,0,8,9,8
3747,18,19,7,182.96,2016.02,109,15,1,9,9,8
4277,7,7,4,182.97,2016.02,28,7,1,10,7,8
770,297,534,8,183.45,2016.02,93,11,1,2,9,8
2721,110,176,5,184.5,2016.02,148,29,1,6,8,8
3479,12,12,9,185.05,2016.02,139,15,1,9,9,8
1789,397,794,2,185.55,2016.02,4,2,0,1,6,8
1307,21,23,7,185.9,2016.02,359,51,0,9,9,8
2436,18,19,7,186.05,2016.02,275,39,0,9,9,8
2731,117,187,10,186.05,2016.02,140,14,1,5,9,8
1912,74,103,7,186.9,2016.02,305,43,0,7,9,8
1521,11,11,6,186.99,2016.02,403,67,0,9,8,8
1829,309,556,3,187.5,2016.02,83,27,1,1,7,8
46,104,166,6,188.6,2016.02,296,49,0,6,8,8
2206,251,451,1,189.0,2016.02,0,0,0,3,5,8
4243,6,6,6,189.9,2016.02,34,5,1,10,9,8
2177,40,48,9,190.3,2016.02,293,32,0,8,9,8
3478,20,22,11,190.39,2016.02,139,12,1,9,9,8
3505,15,15,11,190.7,2016.02,142,12,1,9,9,8
2805,23,25,3,191.0,2016.02,226,75,0,9,7,8
2179,96,153,4,191.0,2016.02,237,59,0,6,8,8
945,77,107,9,191.25,2016.02,318,35,0,7,9,8
1316,25,27,4,191.38,2016.02,269,67,0,8,8,8
4059,2,2,6,192.0,2016.02,74,12,1,10,8,8
3168,19,20,6,192.6,2016.02,171,28,1,9,8,8
2729,161,257,11,193.5,2016.02,90,8,1,4,9,8
2553,95,152,22,193.79,2016.02,186,8,1,6,10,8
4005,12,12,3,193.8,2016.02,76,25,1,9,7,8
2882,112,179,5,194.55,2016.02,109,21,1,6,8,8
1251,351,631,11,196.5,2016.02,68,6,1,1,9,8
2885,115,184,3,197.15,2016.02,123,41,0,5,7,8
1238,15,15,9,197.45,2016.02,220,24,1,9,9,8
856,347,624,5,198.8,2016.02,57,11,1,1,8,8
2676,95,152,7,199.0,2016.02,153,21,1,6,9,8
3171,27,29,8,199.0,2016.02,163,20,1,8,9,8
830,24,26,11,199.2,2016.02,299,27,1,8,9,8
919,8,8,7,200.09,2016.02,334,47,0,10,9,8
2673,25,27,27,200.2,2016.02,239,8,1,8,10,8
2890,7,7,8,200.25,2016.02,230,28,1,10,9,8
1171,109,174,6,200.5,2016.02,249,41,0,6,8,8
2537,1,1,10,201.24,2016.02,281,28,1,10,9,8
3045,128,204,9,201.25,2016.02,85,9,1,5,9,8
2864,55,66,6,202.4,2016.02,184,30,0,7,8,9
3001,41,49,4,203.0,2016.02,180,45,0,8,8,9
1128,178,284,2,204.0,2016.02,161,80,0,4,6,9
2702,27,29,9,204.25,2016.02,233,25,1,8,9,9
3115,12,12,8,205.21,2016.02,191,23,1,9,9,9
1783,262,471,21,205.3,2016.02,140,6,1,2,10,9
3152,31,37,5,205.7,2016.02,164,32,0,8,8,9
3384,73,102,7,206.45,2016.02,98,14,1,7,9,9
835,12,12,9,207.5,2016.02,225,25,1,9,9,9
2500,166,265,3,207.6,2016.02,122,40,0,4,7,9
1717,351,631,3,208.25,2016.02,66,22,1,1,7,9
3454,113,180,7,208.51,2016.02,49,7,1,6,9,9
4086,6,6,7,209.0,2016.02,57,8,1,10,9,9
3718,19,20,10,209.4,2016.02,113,11,1,9,9,9
3627,82,114,9,209.77,2016.02,62,6,1,6,9,9
768,72,100,4,210.8,2016.02,341,85,0,7,8,9
3258,8,8,18,210.88,2016.02,172,9,1,10,10,9
1988,28,30,10,211.48,2016.02,336,33,0,8,9,9
1126,29,31,7,212.2,2016.02,361,51,0,8,9,9
2755,203,365,7,212.48,2016.02,53,7,1,3,9,9
1616,18,19,11,212.6,2016.02,392,35,0,9,9,9
2880,43,51,5,212.8,2016.02,195,39,0,7,8,9
3177,189,340,1,214.5,2016.02,0,0,0,4,1,9
1520,28,30,2,214.65,2016.02,221,110,0,8,6,9
2103,24,26,11,216.2,2016.02,324,29,1,9,9,9
1658,187,336,2,216.45,2016.02,160,80,0,4,6,9
3201,36,43,8,217.5,2016.02,150,18,1,8,9,9
806,162,259,6,217.65,2016.02,250,41,0,4,8,9
3232,23,25,12,217.92,2016.02,159,13,1,9,9,9
969,204,367,2,218.5,2016.02,107,53,0,3,6,9
2215,132,211,2,219.0,2016.02,1,0,0,5,6,9
1940,244,439,11,219.4,2016.02,129,11,1,3,9,9
3549,5,5,4,219.75,2016.02,147,36,0,10,8,9
1145,22,24,5,220.99,2016.02,397,79,0,9,8,9
2037,52,62,6,221.7,2016.02,306,51,0,7,8,9
2422,13,13,8,221.74,2016.02,282,35,0,9,9,9
1728,223,401,15,221.8,2016.02,191,12,1,3,10,9
1812,221,397,14,222.0,2016.02,175,12,1,3,10,9
2623,14,14,7,222.95,2016.02,257,36,0,9,9,9
2979,196,352,6,223.3,2016.02,28,4,1,4,8,9
2404,10,10,4,223.49,2016.02,288,72,0,9,8,9
1645,102,163,9,223.9,2016.02,279,31,0,6,9,9
24,43,51,11,223.95,2016.02,374,34,0,8,9,9
100,28,30,6,224.4,2016.02,224,37,0,8,9,9
1593,10,10,9,224.7,2016.02,278,30,0,9,9,9
1288,4,4,7,224.8,2016.02,401,57,0,10,9,9
3405,1,1,7,226.32,2016.02,168,24,1,10,9,9
3652,27,29,6,226.39,2016.02,113,18,1,8,9,9
1590,74,103,6,227.25,2016.02,68,11,1,7,8,9
2855,24,26,10,228.09,2016.02,217,21,1,8,9,9
1768,181,325,12,229.05,2016.02,144,12,1,4,9,9
2424,22,24,10,229.15,2016.02,270,27,1,9,9,9
3673,20,22,6,229.5,2016.02,118,19,1,9,8,9
3262,51,61,5,229.6,2016.02,128,25,1,7,8,9
1712,36,43,9,230.09,2016.02,382,42,0,8,9,9
1828,35,42,15,230.25,2016.02,356,23,1,8,10,9
2599,31,37,8,230.8,2016.02,243,30,0,8,9,9
2112,17,18,7,231.19,2016.02,329,47,0,9,9,9
2120,24,26,5,231.51,2016.02,321,64,0,9,8,9
1014,33,39,9,231.7,2016.02,346,38,0,8,9,9
4125,54,64,1,235.9,2016.02,0,0,0,7,3,9
3297,11,11,12,236.2,2016.02,167,13,1,9,9,9
1745,31,37,15,236.5,2016.02,369,24,1,8,10,9
1911,46,55,9,236.65,2016.02,333,37,0,7,9,9
3209,5,5,7,237.2,2016.02,180,25,1,10,9,9
2277,53,63,2,238.3,2016.02,262,131,0,7,5,9
2256,2,2,9,238.69,2016.02,316,35,0,10,9,9
1069,25,27,15,240.8,2016.02,219,14,1,8,10,9
1914,46,55,6,241.4,2016.02,233,38,0,7,8,9
777,146,233,13,242.4,2016.02,245,18,1,5,10,9
772,56,67,9,242.4,2016.02,353,39,0,7,9,9
2430,21,23,4,243.1,2016.02,273,68,0,9,7,9
3023,13,13,6,243.68,2016.02,178,29,1,9,8,9
3713,18,19,11,244.0,2016.02,114,10,1,9,9,9
2772,13,13,5,244.07,2016.02,239,47,0,9,8,9
2150,84,117,5,244.5,2016.02,255,51,0,6,8,9
2520,12,12,5,249.95,2016.02,273,54,0,9,8,9
1564,273,491,1,250.0,2016.02,0,0,0,2,4,9
1040,33,39,6,250.29,2016.02,305,50,0,8,8,9
1969,58,69,9,250.5,2016.02,309,34,0,7,9,9
1962,346,622,4,251.25,2016.02,22,5,1,1,7,9
1821,25,27,13,251.8,2016.02,369,28,1,8,10,9
3427,33,39,5,252.2,2016.02,133,26,1,8,8,9
4112,7,7,3,252.68,2016.02,50,16,1,10,7,9
3623,12,12,12,253.25,2016.02,133,11,1,9,9,9
1889,33,39,13,256.5,2016.02,328,25,1,8,10,9
2243,89,124,5,256.6,2016.02,232,46,0,6,8,9
2252,14,14,1,257.11,2016.02,0,0,0,9,2,9
3855,13,13,9,258.0,2016.02,97,10,1,9,9,9
2635,36,43,8,258.5,2016.02,234,29,1,8,9,9
1704,106,169,4,258.9,2016.02,314,78,0,6,8,9
1706,106,169,11,259.05,2016.02,314,28,1,6,9,9
3204,115,184,9,260.8,2016.02,71,7,1,5,9,9
2945,229,412,2,261.0,2016.02,139,69,0,3,5,9
1726,312,561,9,261.75,2016.02,103,11,1,1,9,9
1208,39,46,3,262.2,2016.02,299,99,0,8,7,9
1039,51,61,10,263.25,2016.02,340,34,0,7,9,9
3753,12,12,7,263.35,2016.02,115,16,1,9,9,9
2716,176,281,3,263.8,2016.02,83,27,1,4,7,9
771,174,278,5,265.4,2016.02,245,49,0,4,8,9
2887,22,24,4,265.55,2016.02,215,53,0,9,8,9
1735,142,227,22,268.3,2016.02,271,12,1,5,10,9
3905,6,6,8,268.83,2016.02,95,11,1,10,9,9
2693,5,5,11,270.75,2016.02,256,23,1,10,9,9
1086,272,489,9,272.0,2016.02,138,15,1,2,9,9
2021,56,67,9,272.75,2016.02,304,33,0,7,9,9
633,137,219,20,273.06,2016.02,284,14,1,5,10,9
4449,2,2,5,273.5,2016.02,15,3,1,10,8,9
3761,6,6,4,273.70000000000005,2016.02,120,30,1,10,8,9
3624,4,4,15,275.0,2016.02,141,9,1,10,10,9
1822,56,67,4,275.3,2016.02,332,83,0,7,8,9
2158,232,417,7,276.3,2016.02,105,15,1,3,9,9
1066,237,426,9,277.05,2016.02,150,16,1,3,9,9
2549,224,403,5,278.9,2016.02,57,11,1,3,8,9
3771,30,33,5,279.05,2016.02,93,18,1,8,8,9
2764,1,1,13,279.25,2016.02,249,19,1,10,9,9
3399,80,112,4,279.3,2016.02,89,22,1,7,8,9
2337,105,168,5,280.0,2016.02,201,40,0,6,8,9
1294,21,23,12,280.41,2016.02,379,31,0,9,9,9
76,213,383,6,280.8,2016.02,205,34,0,3,8,9
1155,5,5,14,282.6,2016.02,381,27,1,10,10,9
784,22,24,10,283.79,2016.02,373,37,0,9,9,9
2727,166,265,4,284.5,2016.02,91,22,1,4,8,9
302,141,225,7,286.2,2016.02,278,39,0,5,9,9
4017,3,3,6,286.24,2016.02,81,13,1,10,9,9
792,99,158,36,286.25,2016.02,312,8,1,6,10,9
352,144,230,6,288.4,2016.02,215,35,0,5,8,9
786,27,29,10,288.59000000000003,2016.02,387,38,0,8,9,9
656,143,228,18,289.55,2016.02,267,14,1,5,10,9
3349,5,5,8,290.4,2016.02,162,20,1,10,9,9
231,155,248,6,290.4,2016.02,43,7,1,4,8,9
996,162,259,3,291.29999999999995,2016.02,239,79,0,4,7,9
1761,2,2,14,292.0,2016.02,407,29,1,10,10,9
182,75,105,11,292.55,2016.02,346,31,0,7,9,9
2723,5,5,21,293.0,2016.02,253,12,1,10,10,9
3391,82,114,3,293.2,2016.02,88,29,1,6,7,9
178,14,14,42,293.75,2016.02,392,9,1,9,10,9
2054,138,220,5,294.5,2016.02,218,43,0,5,8,9
180,11,11,12,296.95,2016.02,388,32,0,9,9,9
240,51,61,11,296.95,2016.02,360,32,0,7,9,9
1320,42,50,11,297.0,2016.02,364,33,0,8,9,9
1596,95,152,6,297.55,2016.02,277,46,0,6,8,9
1283,33,39,22,299.05,2016.02,321,14,1,8,10,9
91,22,24,10,299.13,2016.02,397,39,0,9,9,9
1135,7,7,15,299.83,2016.02,417,27,1,10,10,9
3317,50,60,12,300.25,2016.02,126,10,1,7,9,9
2444,158,252,5,300.51,2016.02,133,26,1,4,8,9
4157,6,6,3,301.1,2016.02,44,14,1,10,7,9
3413,168,268,1,301.5,2016.02,0,0,0,4,2,9
3525,6,6,19,301.5,2016.02,149,7,1,10,10,9
1627,33,39,10,301.7,2016.02,387,38,0,8,9,9
1675,35,42,11,302.2,2016.02,330,30,1,8,9,9
2253,271,487,2,302.59000000000003,2016.02,48,24,1,2,6,9
2250,47,56,7,303.7,2016.02,272,38,0,7,9,9
2463,19,20,14,305.4,2016.02,268,19,1,9,10,9
1612,2,2,14,305.65,2016.02,393,28,1,10,10,9
1189,6,6,10,308.7,2016.02,406,40,0,10,9,9
1000,36,43,18,309.3,2016.02,367,20,1,8,10,9
1985,270,486,4,310.2,2016.02,81,20,1,2,8,9
3421,11,11,6,311.5,2016.02,156,26,1,9,8,9
1142,11,11,15,313.15,2016.02,367,24,1,9,10,9
223,44,52,16,313.35,2016.02,365,22,1,7,10,9
3820,9,9,12,314.68,2016.02,106,8,1,9,9,9
1659,265,477,4,314.7,2016.02,144,36,0,2,7,9
3653,45,54,7,315.05,2016.02,83,11,1,7,9,9
1315,111,177,6,315.3,2016.02,302,50,0,6,8,9
2857,10,10,12,318.0,2016.02,212,17,1,9,9,9
3433,8,8,19,320.0,2016.02,157,8,1,10,10,9
1754,92,147,6,320.6,2016.02,318,53,0,6,8,9
3133,1,1,20,321.25,2016.02,195,9,1,10,10,9
330,68,95,14,321.97,2016.02,290,20,1,7,10,9
3260,2,2,20,325.65,2016.02,177,8,1,10,10,9
1197,224,403,9,326.85,2016.02,193,21,1,3,9,9
2245,20,22,8,326.88,2016.02,300,37,0,9,9,9
2752,3,3,12,327.1,2016.02,253,21,1,10,9,9
3838,25,27,3,331.12,2016.02,88,29,1,8,7,9
501,134,214,5,331.9,2016.02,259,51,0,5,8,9
1932,8,8,36,334.7,2016.02,368,10,1,9,10,9
2795,4,4,19,335.0,2016.02,246,12,1,10,10,9
541,35,42,19,336.2,2016.02,386,20,1,8,10,9
1599,74,103,22,337.0,2016.02,345,15,1,7,10,9
573,212,381,18,337.25,2016.02,170,9,1,3,10,9
2226,22,24,17,337.39,2016.02,301,17,1,9,10,9
451,23,25,11,337.59,2016.02,400,36,0,9,9,9
2929,17,18,15,338.74,2016.02,214,14,1,9,10,9
1540,45,54,11,339.0,2016.02,377,34,0,7,9,9
1952,94,150,9,339.9,2016.02,275,30,0,6,9,9
2901,7,7,25,341.1,2016.02,228,9,1,10,10,9
3222,22,24,24,342.1,2016.02,162,6,1,9,10,9
3835,6,6,7,342.86,2016.02,107,15,1,10,9,9
808,29,31,12,343.33,2016.02,386,32,0,8,9,9
3103,202,363,2,343.9,2016.02,3,1,1,3,6,9
3918,1,1,12,344.55,2016.02,98,8,1,10,9,9
1292,30,33,13,344.9,2016.02,313,24,1,8,9,9
2229,240,432,10,345.3,2016.02,83,8,1,3,9,9
3187,188,338,1,350.0,2016.02,0,0,0,4,1,9
1811,51,61,22,351.0,2016.02,345,15,1,7,10,9
1317,228,410,7,351.5,2016.02,183,26,1,3,9,9
1647,46,55,14,354.15,2016.02,286,20,1,7,10,9
2311,14,14,10,357.07,2016.02,296,29,1,9,9,9
1165,75,105,7,357.4,2016.02,259,37,0,7,9,9
1672,71,99,11,358.0,2016.02,347,31,0,7,9,9
1134,27,29,12,361.0,2016.02,388,32,0,8,9,9
3309,13,13,18,362.54,2016.02,164,9,1,9,10,9
129,35,42,15,364.0,2016.02,337,22,1,8,10,9
1995,215,387,19,364.23,2016.02,148,7,1,3,10,9
2122,22,24,5,366.79,2016.02,323,64,0,9,8,9
1641,51,61,14,368.4,2016.02,344,24,1,7,10,9
1159,74,103,8,371.7000000000001,2016.02,299,37,0,7,9,9
1270,4,4,20,373.27,2016.02,375,18,1,10,10,9
368,5,5,17,374.0,2016.02,374,22,1,10,10,9
1949,50,60,13,375.25,2016.02,321,24,1,7,10,9
800,23,25,9,375.29,2016.02,384,42,0,9,9,9
2221,243,437,11,376.55,2016.02,78,7,1,3,9,9
1993,81,113,41,379.5,2016.02,279,6,1,6,10,9
2016,3,3,15,380.94,2016.02,358,23,1,10,10,9
2583,220,396,5,381.2,2016.02,57,11,1,3,8,9
3221,30,33,6,384.0,2016.02,154,25,1,8,8,9
2544,23,25,15,387.55,2016.02,259,17,1,9,10,9
63,26,28,10,389.1,2016.02,370,37,0,8,9,9
662,2,2,17,389.15,2016.02,384,22,1,10,10,9
3153,57,68,8,390.9,2016.02,138,17,1,7,9,9
665,105,168,17,393.14,2016.02,302,17,1,6,10,9
1882,102,163,11,395.08,2016.02,281,25,1,6,9,10
472,21,23,12,395.5,2016.02,349,29,1,9,9,10
2023,29,31,14,396.12,2016.02,331,23,1,8,10,10
2130,103,164,14,398.4,2016.02,240,17,1,6,10,10
569,26,28,12,399.18,2016.02,357,29,1,8,9,10
653,36,43,19,407.7,2016.02,314,16,1,8,10,10
179,35,42,5,409.32,2016.02,379,75,0,8,8,10
3194,7,7,12,409.68,2016.02,180,15,1,10,9,10
1879,43,51,8,409.8,2016.02,342,42,0,8,9,10
2419,12,12,6,412.14,2016.02,283,47,0,9,8,10
1551,193,347,6,415.2000000000001,2016.02,20,3,1,4,9,10
713,193,347,11,418.3,2016.02,193,17,1,4,9,10
1202,231,415,4,423.3,2016.02,177,44,0,3,8,10
58,120,192,13,424.75,2016.02,192,14,1,5,9,10
2690,17,18,10,426.0,2016.02,242,24,1,9,9,10
57,37,44,10,427.95,2016.02,383,38,0,8,9,10
2522,13,13,20,428.41,2016.02,265,13,1,9,10,10
1164,61,85,21,428.67,2016.02,352,16,1,7,10,10
1002,20,22,13,431.6,2016.02,326,25,1,9,10,10
2596,140,224,14,432.6,2016.02,156,11,1,5,10,10
2055,8,8,7,432.8,2016.02,347,49,0,10,9,10
1137,13,13,9,435.4,2016.02,324,36,0,9,9,10
2475,3,3,16,435.4,2016.02,287,17,1,10,10,10
2018,8,8,10,435.65,2016.02,352,35,0,10,9,10
1232,6,6,19,437.18,2016.02,365,19,1,10,10,10
2382,291,523,2,441.4,2016.02,9,4,1,2,5,10
2877,1,1,22,441.5,2016.02,237,10,1,10,10,10
1729,29,31,10,443.24,2016.02,371,37,0,8,9,10
3065,45,54,9,443.5,2016.02,165,18,1,7,9,10
1139,9,9,11,444.48,2016.02,406,36,0,9,9,10
2922,9,9,10,447.23,2016.02,223,22,1,9,9,10
3241,4,4,24,448.99,2016.02,178,7,1,10,10,10
3570,2,2,17,452.05,2016.02,148,8,1,10,10,10
1210,80,112,25,452.65,2016.02,333,13,1,7,10,10
1221,236,424,7,454.38,2016.02,150,21,1,3,9,10
1714,51,61,13,454.7,2016.02,367,28,1,7,10,10
2487,8,8,8,454.72,2016.02,280,35,0,10,9,10
1743,50,60,25,455.1,2016.02,363,14,1,7,10,10
1815,115,184,33,460.5,2016.02,280,8,1,5,10,10
3982,12,12,4,461.39,2016.02,79,19,1,9,8,10
542,218,392,29,461.74,2016.02,201,6,1,3,10,10
2961,3,3,9,466.21,2016.02,195,21,1,10,9,10
2981,103,164,16,467.35,2016.02,121,7,1,6,10,10
3041,41,49,4,468.5,2016.02,171,42,0,8,8,10
574,148,236,6,470.85,2016.02,237,39,0,5,8,10
1361,47,56,22,473.43,2016.02,344,15,1,7,10,10
1389,28,30,11,476.97,2016.02,387,35,0,8,9,10
2184,74,103,14,477.1,2016.02,252,18,1,7,10,10
468,222,399,18,485.25,2016.02,186,10,1,3,10,10
1799,22,24,8,488.0,2016.02,377,47,0,9,9,10
2944,129,206,7,492.8,2016.02,101,14,1,5,9,10
2455,8,8,32,494.69,2016.02,283,8,1,9,10,10
1810,167,267,15,495.55,2016.02,217,14,1,4,10,10
2334,26,28,22,496.25,2016.02,280,12,1,8,10,10
594,102,163,16,497.2,2016.02,315,19,1,6,10,10
1153,72,100,6,499.05,2016.02,310,51,0,7,8,10
3354,7,7,6,500.24,2016.02,167,27,1,10,8,10
3151,140,224,9,501.75,2016.02,55,6,1,5,9,10
316,9,9,14,502.7,2016.02,392,28,1,9,10,10
2987,223,401,1,503.3,2016.02,0,0,0,3,5,10
1176,132,211,29,503.8,2016.02,275,9,1,5,10,10
3353,20,22,17,506.98,2016.02,154,9,1,9,10,10
1944,4,4,12,507.1,2016.02,332,27,1,10,9,10
1344,17,18,7,508.74,2016.02,345,49,0,9,9,10
1265,1,1,8,511.25,2016.02,270,33,0,10,9,10
367,46,55,16,515.1,2016.02,313,19,1,7,10,10
1085,1,1,10,518.5,2016.02,420,42,0,10,9,10
2454,2,2,12,520.43,2016.02,289,24,1,10,9,10
1032,21,23,35,520.45,2016.02,385,11,1,9,10,10
1568,32,38,17,525.3,2016.02,305,17,1,8,10,10
1386,4,4,25,526.56,2016.02,381,15,1,10,10,10
1629,36,43,47,526.6,2016.02,377,8,1,8,10,10
2087,186,334,25,528.0,2016.02,164,6,1,4,10,10
2326,78,109,20,531.25,2016.02,229,11,1,7,10,10
2844,38,45,7,532.05,2016.02,206,29,1,8,9,10
3028,149,238,2,533.39,2016.02,67,33,0,5,6,10
1644,6,6,19,533.82,2016.02,362,19,1,10,10,10
1621,40,48,18,541.0,2016.02,384,21,1,8,10,10
3040,31,37,5,543.35,2016.02,181,36,0,8,8,10
1865,1,1,17,550.39,2016.02,386,22,1,10,10,10
826,12,12,23,559.74,2016.02,398,17,1,9,10,10
1928,7,7,32,560.15,2016.02,369,11,1,10,10,10
1158,183,329,30,564.0,2016.02,230,7,1,4,10,10
1849,55,66,15,566.5,2016.02,334,22,1,7,10,10
1109,16,17,13,567.88,2016.02,362,27,1,9,10,10
321,5,5,29,570.74,2016.02,409,14,1,10,10,10
2546,4,4,18,572.63,2016.02,277,15,1,10,10,10
3200,12,12,25,578.4,2016.02,174,6,1,9,10,10
1722,109,174,37,579.5,2016.02,307,8,1,6,10,10
3142,8,8,22,580.29,2016.02,188,8,1,10,10,10
4090,28,30,3,582.67,2016.02,35,11,1,8,7,10
3217,184,331,10,583.2,2016.02,0,0,0,4,9,10
2443,88,123,11,583.2,2016.02,205,18,1,6,9,10
1831,26,28,15,588.95,2016.02,363,24,1,8,10,10
282,7,7,14,589.88,2016.02,413,29,1,10,10,10
2261,121,193,9,590.5699999999999,2016.02,197,21,1,5,9,10
2401,4,4,9,595.0,2016.02,294,32,0,10,9,10
3532,133,212,2,595.79,2016.02,21,10,1,5,6,10
2029,1,1,32,600.21,2016.02,358,11,1,10,10,10
2026,15,15,19,601.5,2016.02,345,18,1,9,10,10
1935,3,3,26,604.7,2016.02,372,14,1,10,10,10
1146,10,10,14,614.4,2016.02,411,29,1,9,10,10
1486,239,430,17,614.74,2016.02,117,6,1,3,10,10
183,13,13,29,627.6899999999999,2016.02,399,13,1,9,10,10
1168,108,172,29,628.45,2016.02,301,10,1,6,10,10
2536,7,7,22,628.7,2016.02,274,12,1,10,10,10
2217,9,9,13,632.43,2016.02,288,22,1,9,10,10
1284,156,249,7,640.45,2016.02,229,32,0,4,9,10
718,4,4,21,642.8,2016.02,405,19,1,10,10,10
3112,57,68,8,647.0999999999999,2016.02,146,18,1,7,9,10
492,14,14,13,647.3100000000001,2016.02,398,30,0,9,10,10
1707,11,11,11,651.31,2016.02,408,37,0,9,9,10
1413,7,7,9,661.99,2016.02,406,45,0,10,9,10
1778,1,1,35,662.15,2016.02,403,11,1,10,10,10
2543,83,116,10,671.9,2016.02,199,19,1,6,9,10
61,7,7,25,684.7,2016.02,398,15,1,10,10,10
557,2,2,17,689.72,2016.02,389,22,1,10,10,10
475,8,8,17,690.04,2016.02,399,23,1,10,10,10
1814,1,1,7,695.85,2016.02,394,56,0,10,9,10
2494,8,8,32,697.4,2016.02,279,8,1,10,10,10
2491,48,57,18,698.4,2016.02,235,13,1,7,10,10
1690,48,57,10,704.6,2016.02,370,37,0,7,9,10
2371,15,15,14,706.66,2016.02,286,20,1,9,10,10
1650,11,11,11,712.25,2016.02,408,37,0,9,9,10
2977,8,8,30,716.45,2016.02,193,6,1,10,10,10
177,27,29,22,718.9300000000001,2016.02,367,16,1,8,10,10
2572,266,478,3,722.41,2016.02,13,4,1,2,7,10
3788,15,15,14,745.7,2016.02,105,7,1,9,10,10
1883,98,156,24,748.86,2016.02,284,11,1,6,10,10
1633,37,44,26,748.95,2016.02,381,14,1,8,10,10
34,12,12,13,753.7,2016.02,361,27,1,9,10,10
1893,31,37,38,755.1,2016.02,350,9,1,8,10,10
2652,13,13,16,765.0699999999999,2016.02,254,15,1,9,10,10
2405,2,2,19,767.68,2016.02,296,15,1,10,10,10
2194,6,6,17,772.73,2016.02,322,18,1,10,10,10
3460,12,12,7,774.89,2016.02,147,21,1,9,9,10
807,25,27,36,776.8,2016.02,396,11,1,8,10,10
3376,153,244,4,780.8,2016.02,19,4,1,5,7,10
2391,3,3,20,782.55,2016.02,296,14,1,10,10,10
566,90,125,11,787.73,2016.02,309,28,1,6,9,10
2323,20,22,10,788.4,2016.02,288,28,1,9,9,10
577,4,4,17,788.64,2016.02,392,23,1,10,10,10
1607,13,13,17,790.99,2016.02,290,17,1,9,10,10
2985,13,13,18,794.35,2016.02,210,11,1,9,10,10
3818,1,1,11,818.77,2016.02,115,10,1,10,9,10
2484,11,11,30,821.9399999999999,2016.02,275,9,1,9,10,10
3837,4,4,12,840.4,2016.02,109,9,1,10,9,10
380,88,123,13,843.2,2016.02,330,25,1,6,10,10
210,57,68,9,852.9,2016.02,355,39,0,7,9,10
1071,9,9,43,859.15,2016.02,412,9,1,9,10,10
329,2,2,53,862.25,2016.02,406,7,1,10,10,10
928,8,8,25,862.91,2016.02,416,16,1,10,10,10
143,7,7,64,864.05,2016.02,415,6,1,10,10,10
971,65,91,11,864.7,2016.02,344,31,0,7,9,10
1921,36,43,19,874.4,2016.02,342,18,1,8,10,10
1610,15,15,35,885.3,2016.02,393,11,1,9,10,10
2078,14,14,18,891.8,2016.02,337,18,1,9,10,10
1945,21,23,15,895.55,2016.02,351,23,1,9,10,10
567,20,22,32,899.47,2016.02,400,12,1,9,10,10
2691,1,1,27,907.25,2016.02,261,9,1,10,10,10
1702,2,2,20,911.7,2016.02,418,20,1,10,10,10
940,1,1,30,915.75,2016.02,358,11,1,10,10,10
1258,50,60,29,926.8,2016.02,362,12,1,7,10,10
3053,1,1,19,932.6,2016.02,210,11,1,10,10,10
1184,6,6,32,941.39,2016.02,410,12,1,10,10,10
3237,6,6,13,953.57,2016.02,176,13,1,10,10,10
1603,8,8,47,964.25,2016.02,413,8,1,10,10,10
1460,97,155,32,966.5,2016.02,322,10,1,6,10,10
983,1,1,54,976.73,2016.02,414,7,1,10,10,10
978,1,1,15,985.27,2016.02,415,27,1,10,10,10
1375,7,7,36,985.89,2016.02,398,11,1,10,10,10
2270,64,89,21,997.6,2016.02,252,12,1,7,10,10
3072,13,13,13,1019.25,2016.02,196,15,1,9,10,10
2489,5,5,13,1025.83,2016.02,283,21,1,10,10,10
2942,9,9,9,1043.87,2016.02,221,24,1,9,9,10
1777,18,19,39,1064.13,2016.02,386,9,1,9,10,10
426,13,13,28,1071.18,2016.02,381,13,1,9,10,10
3255,115,184,24,1073.89,2016.02,65,2,1,5,10,10
1933,1,1,40,1092.92,2016.02,374,9,1,10,10,10
75,1,1,24,1104.65,2016.02,292,12,1,10,10,10
2073,14,14,25,1107.3,2016.02,338,13,1,9,10,10
2077,12,12,26,1113.81,2016.02,339,13,1,9,10,10
1833,179,286,3,1120.5,2016.02,213,71,0,4,7,10
1212,29,31,21,1164.97,2016.02,389,18,1,8,10,10
1295,5,5,25,1191.55,2016.02,419,16,1,10,10,10
754,1,1,41,1213.48,2016.02,419,10,1,10,10,10
532,32,38,22,1222.35,2016.02,378,17,1,8,10,10
926,9,9,32,1224.8,2016.02,410,12,1,9,10,10
2593,1,1,27,1231.3,2016.02,286,10,1,10,10,10
1818,28,30,20,1242.3,2016.02,395,19,1,8,10,10
1802,74,103,13,1280.58,2016.02,300,23,1,7,10,10
1132,3,3,28,1289.56,2016.02,397,14,1,10,10,10
2746,154,246,14,1308.43,2016.02,103,7,1,5,10,10
3044,208,374,3,1316.0,2016.02,5,1,1,3,7,10
1819,6,6,28,1346.56,2016.02,363,12,1,10,10,10
106,11,11,39,1347.63,2016.02,400,10,1,9,10,10
1798,120,192,24,1362.45,2016.02,278,11,1,5,10,10
2783,15,15,23,1468.29,2016.02,236,10,1,9,10,10
52,11,11,36,1479.93,2016.02,401,11,1,9,10,10
1586,1,1,30,1499.93,2016.02,417,13,1,10,10,10
1664,6,6,24,1503.05,2016.02,391,16,1,10,10,10
1517,3,3,59,1537.34,2016.02,418,7,1,10,10,10
1118,2,2,59,1542.49,2016.02,410,6,1,10,10,10
1682,8,8,29,1594.55,2016.02,409,14,1,10,10,10
3431,129,206,7,1659.1,2016.02,37,5,1,5,9,10
3647,3,3,21,1837.52,2016.02,138,6,1,10,10,10
1527,3,3,48,1912.75,2016.02,415,8,1,10,10,10
2594,20,22,24,1953.26,2016.02,255,10,1,9,10,10
565,2,2,39,1969.99,2016.02,399,10,1,10,10,10
2811,98,156,30,2021.36,2016.02,202,6,1,6,10,10
3902,4,4,15,2213.34,2016.02,97,6,1,10,10,10
3181,1,1,53,2373.69,2016.02,188,3,1,10,10,10
598,4,4,105,2384.4,2016.02,413,3,1,10,10,10
1513,1,1,72,2424.22,2016.02,419,5,1,10,10,10
104,5,5,33,2593.86,2016.02,417,12,1,10,10,10
708,4,4,82,2626.29,2016.02,415,5,1,10,10,10
2858,6,6,31,2770.5,2016.02,235,7,1,10,10,10
2529,81,113,31,2849.44,2016.02,203,6,1,6,10,10
2647,6,6,26,3248.63,2016.02,261,10,1,10,10,10
2784,1,1,38,3373.4,2016.02,250,6,1,10,10,10
3347,1,1,78,3373.4,2016.02,173,2,1,10,10,10
170,11,11,81,3373.4,2016.02,408,5,1,9,10,10
3538,6,6,14,3373.4,2016.02,147,10,1,10,10,10
