user_id,recency,recency_weighted,frequency,monetary,year_month,active_period,avg_period,response
3,283,509,3,90.0,2015.10,10,3,1
17,60,72,2,172.75,2015.10,27,13,1
24,37,44,6,117.95,2015.10,259,43,0
30,172,275,4,84.75,2015.10,87,21,1
34,34,40,10,585.35,2015.10,218,21,1
37,50,60,1,19.5,2015.10,0,0,0
38,298,536,1,38.5,2015.10,0,0,0
43,12,12,1,69.0,2015.10,0,0,0
45,216,388,4,72.0,2015.10,69,17,1
46,6,6,5,172.6,2015.10,273,54,0
48,175,280,2,103.2,2015.10,119,59,0
52,13,13,27,990.15,2015.10,278,10,1
57,100,160,5,260.8,2015.10,199,39,0
58,7,7,12,414.75,2015.10,184,15,1
61,55,66,16,444.0,2015.10,229,14,1
63,13,13,5,217.5,2015.10,262,52,0
72,110,176,8,0.0,2015.10,112,14,1
75,12,12,8,435.25,2015.10,160,20,1
76,92,147,6,280.8,2015.10,205,34,0
79,164,262,3,54.55,2015.10,34,11,1
87,235,423,2,92.5,2015.10,41,20,1
88,243,437,1,111.0,2015.10,0,0,0
91,21,23,8,222.6,2015.10,277,34,0
100,11,11,4,155.4,2015.10,120,30,1
101,129,206,1,8.58,2015.10,0,0,0
104,1,1,25,1689.85,2015.10,300,12,1
105,20,22,1,64.6,2015.10,0,0,0
106,3,3,30,1055.69,2015.10,287,9,1
117,73,102,1,109.88,2015.10,0,0,0
129,6,6,12,239.53,2015.10,245,20,1
141,117,187,4,95.0,2015.10,134,33,0
142,13,13,1,2.0,2015.10,0,0,0
143,6,6,48,441.5,2015.10,295,6,1
146,119,190,1,59.9,2015.10,0,0,0
164,30,33,3,96.0,2015.10,237,79,0
166,164,262,1,18.0,2015.10,0,0,0
170,1,1,55,2826.4,2015.10,297,5,1
177,1,1,19,631.33,2015.10,272,14,1
178,5,5,36,114.3,2015.10,280,7,1
179,114,182,2,192.68,2015.10,179,89,0
180,26,28,8,200.69,2015.10,252,31,0
181,148,236,2,63.2,2015.10,133,66,0
182,10,10,10,281.3,2015.10,290,29,1
183,20,22,21,450.79,2015.10,271,12,1
186,14,14,4,119.55,2015.10,25,6,1
193,187,336,1,18.9,2015.10,0,0,0
197,244,439,2,16.5,2015.10,8,4,1
210,18,19,7,621.1,2015.10,273,39,0
219,41,49,4,96.95,2015.10,164,41,0
222,211,379,1,27.0,2015.10,0,0,0
223,19,20,14,247.65,2015.10,269,19,1
225,152,243,2,50.0,2015.10,92,46,0
227,202,363,1,15.0,2015.10,0,0,0
231,34,40,6,290.4,2015.10,43,7,1
240,55,66,9,223.15,2015.10,235,26,1
247,292,525,1,22.0,2015.10,0,0,0
257,143,228,1,61.0,2015.10,0,0,0
264,270,486,2,40.5,2015.10,1,0,0
276,114,182,1,25.8,2015.10,0,0,0
282,5,5,11,500.6,2015.10,294,26,1
294,95,152,3,59.1,2015.10,8,2,1
300,53,63,4,66.5,2015.10,104,26,1
302,20,22,7,286.2,2015.10,278,39,0
303,2,2,8,10.56,2015.10,45,5,1
310,287,516,1,11.5,2015.10,0,0,0
316,6,6,9,287.15,2015.10,274,30,0
321,7,7,25,482.5,2015.10,286,11,1
327,138,220,1,16.0,2015.10,0,0,0
329,2,2,39,631.75,2015.10,285,7,1
330,4,4,10,243.33,2015.10,233,23,1
342,44,52,8,146.05,2015.10,235,29,1
343,158,252,1,25.8,2015.10,0,0,0
346,21,23,5,72.0,2015.10,167,33,0
347,210,378,2,124.2,2015.10,83,41,0
349,12,12,6,95.0,2015.10,209,34,0
352,23,25,6,288.4,2015.10,215,35,0
367,34,40,11,348.0,2015.10,204,18,1
368,20,22,12,232.0,2015.10,238,19,1
377,195,351,1,63.53,2015.10,0,0,0
380,31,37,12,753.0,2015.10,266,22,1
398,220,396,8,181.79,2015.10,76,9,1
403,112,179,5,72.0,2015.10,184,36,0
404,200,360,1,25.8,2015.10,0,0,0
415,100,160,4,177.4,2015.10,179,44,0
426,5,5,20,709.6,2015.10,268,13,1
427,59,70,8,100.62,2015.10,230,28,1
439,122,195,6,96.52,2015.10,133,22,1
440,30,33,2,51.6,2015.10,55,27,1
441,188,338,1,104.9,2015.10,0,0,0
451,64,89,6,210.1,2015.10,238,39,0
458,217,390,3,98.75,2015.10,74,24,1
468,101,161,18,485.25,2015.10,186,10,1
472,15,15,9,295.5,2015.10,234,26,1
475,9,9,12,482.1,2015.10,277,23,1
481,148,236,3,91.4,2015.10,56,18,1
489,167,267,3,85.8,2015.10,81,27,1
492,1,1,8,380.09,2015.10,290,36,0
495,190,342,2,107.3,2015.10,111,55,0
501,13,13,5,331.9,2015.10,259,51,0
512,265,477,1,25.5,2015.10,0,0,0
516,68,95,1,25.8,2015.10,0,0,0
517,39,46,1,37.4,2015.10,0,0,0
521,227,408,1,28.9,2015.10,0,0,0
527,272,489,1,18.0,2015.10,0,0,0
530,20,22,2,56.85,2015.10,207,103,0
532,2,2,17,999.0,2015.10,287,16,1
541,19,20,15,253.95,2015.10,281,18,1
542,97,155,29,461.74,2015.10,201,6,1
543,108,172,2,65.4,2015.10,182,91,0
549,23,25,5,108.9,2015.10,174,34,0
555,218,392,1,19.5,2015.10,0,0,0
557,3,3,13,491.8,2015.10,267,20,1
558,27,29,1,13.0,2015.10,0,0,0
560,258,464,1,14.5,2015.10,0,0,0
563,53,63,5,160.6,2015.10,138,27,1
565,2,2,21,1002.7,2015.10,278,13,1
566,114,182,10,773.9300000000001,2015.10,164,16,1
567,17,18,27,742.23,2015.10,282,10,1
569,19,20,8,286.0,2015.10,243,30,0
573,91,145,18,337.25,2015.10,170,9,1
574,27,29,6,470.85,2015.10,237,39,0
577,50,60,13,561.8,2015.10,225,17,1
579,120,192,1,19.4,2015.10,0,0,0
592,38,45,7,44.0,2015.10,188,26,1
594,4,4,15,468.3,2015.10,292,19,1
598,3,3,70,1710.1,2015.10,293,4,1
615,124,198,2,25.8,2015.10,37,18,1
619,165,264,14,156.9,2015.10,124,8,1
622,269,484,1,31.0,2015.10,0,0,0
633,16,17,20,273.06,2015.10,284,14,1
636,130,208,1,25.8,2015.10,0,0,0
648,13,13,3,53.1,2015.10,211,70,0
649,20,22,3,56.0,2015.10,231,77,0
653,9,9,14,314.7,2015.10,220,15,1
656,22,24,18,289.55,2015.10,267,14,1
657,52,62,1,11.61,2015.10,0,0,0
660,88,123,4,80.0,2015.10,180,45,0
662,28,30,13,293.15,2015.10,237,18,1
665,40,48,14,349.94,2015.10,246,17,1
666,166,265,1,14.0,2015.10,0,0,0
668,38,45,3,74.25,2015.10,86,28,1
684,248,446,1,19.0,2015.10,0,0,0
691,114,182,5,66.0,2015.10,90,18,1
694,90,125,1,32.0,2015.10,0,0,0
708,3,3,55,1757.19,2015.10,295,5,1
710,229,412,1,12.9,2015.10,0,0,0
713,72,100,11,418.3,2015.10,193,17,1
718,11,11,14,460.8,2015.10,277,19,1
734,14,14,8,128.4,2015.10,269,33,0
736,213,383,1,13.0,2015.10,0,0,0
744,205,369,3,81.25,2015.10,92,30,0
746,101,161,3,90.4,2015.10,72,24,1
754,6,6,31,944.7,2015.10,293,9,1
768,182,327,2,144.8,2015.10,110,55,0
770,176,281,8,183.45,2015.10,93,11,1
771,53,63,5,265.4,2015.10,245,49,0
772,1,1,6,189.4,2015.10,287,47,0
775,51,61,1,24.9,2015.10,0,0,0
777,25,27,13,242.4,2015.10,245,18,1
784,125,200,5,161.9,2015.10,149,29,1
785,200,360,2,34.0,2015.10,38,19,1
786,21,23,7,225.3,2015.10,272,38,0
789,61,85,1,37.62,2015.10,0,0,0
790,201,361,1,40.7,2015.10,0,0,0
792,12,12,33,241.25,2015.10,278,8,1
800,50,60,6,180.65,2015.10,236,39,0
803,45,54,1,18.9,2015.10,0,0,0
806,41,49,6,217.65,2015.10,250,41,0
807,1,1,27,575.9,2015.10,299,11,1
808,44,52,10,283.55,2015.10,250,25,1
811,7,7,3,66.85,2015.10,44,14,1
812,44,52,3,64.5,2015.10,169,56,0
816,267,480,1,15.0,2015.10,0,0,0
820,46,55,1,43.8,2015.10,0,0,0
822,55,66,1,64.1,2015.10,0,0,0
826,7,7,18,449.95,2015.10,282,15,1
828,23,25,4,98.8,2015.10,217,54,0
830,41,49,7,108.3,2015.10,161,23,1
831,17,18,3,174.6,2015.10,157,52,0
835,12,12,5,114.75,2015.10,104,20,1
841,109,174,5,64.4,2015.10,79,15,1
844,39,46,4,69.57,2015.10,191,47,0
849,269,484,5,104.25,2015.10,31,6,1
856,226,406,5,198.8,2015.10,57,11,1
857,69,96,1,32.0,2015.10,0,0,0
858,125,200,2,44.15,2015.10,146,73,0
866,241,433,1,14.5,2015.10,0,0,0
868,11,11,3,62.4,2015.10,261,87,0
871,88,123,3,80.0,2015.10,71,23,1
875,41,49,4,126.25,2015.10,258,64,0
876,93,148,3,70.5,2015.10,153,51,0
877,18,19,2,32.65,2015.10,100,50,0
882,127,203,1,29.5,2015.10,0,0,0
886,194,349,2,28.8,2015.10,75,37,0
913,216,388,1,18.4,2015.10,0,0,0
918,81,113,1,25.8,2015.10,0,0,0
919,27,29,3,99.9,2015.10,194,64,0
921,137,219,1,25.8,2015.10,0,0,0
926,73,102,24,954.8,2015.10,225,9,1
928,24,26,21,758.95,2015.10,279,13,1
940,3,3,22,657.6,2015.10,235,10,1
944,123,196,5,1.3,2015.10,176,35,0
945,14,14,7,146.35,2015.10,260,37,0
948,66,92,2,28.8,2015.10,202,101,0
950,265,477,1,27.0,2015.10,0,0,0
953,32,38,2,42.0,2015.10,245,122,0
957,134,214,1,12.4,2015.10,0,0,0
963,158,252,2,97.35,2015.10,36,18,1
969,83,116,2,218.5,2015.10,107,53,0
971,60,72,8,649.2,2015.10,228,28,1
973,13,13,8,128.3,2015.10,269,33,0
977,104,166,3,139.32,2015.10,165,55,0
978,6,6,9,558.9,2015.10,289,32,0
981,277,498,1,40.0,2015.10,0,0,0
983,1,1,40,680.45,2015.10,293,7,1
991,104,166,1,13.9,2015.10,0,0,0
994,138,220,1,40.0,2015.10,0,0,0
996,41,49,3,291.29999999999995,2015.10,239,79,0
998,258,464,3,45.0,2015.10,39,13,1
1000,10,10,14,231.63,2015.10,272,19,1
1002,7,7,7,232.8,2015.10,218,31,0
1003,94,150,1,84.5,2015.10,0,0,0
1007,170,272,4,83.25,2015.10,119,29,1
1009,293,527,1,20.0,2015.10,0,0,0
1012,150,240,1,11.5,2015.10,0,0,0
1014,35,42,5,153.75,2015.10,223,44,0
1026,38,45,3,57.8,2015.10,245,81,0
1028,177,283,1,25.8,2015.10,0,0,0
1032,5,5,26,382.34,2015.10,280,10,1
1038,41,49,3,48.0,2015.10,56,18,1
1039,87,121,8,138.0,2015.10,183,22,1
1040,45,54,4,172.6,2015.10,172,43,0
1041,258,464,1,13.05,2015.10,0,0,0
1048,136,217,1,38.0,2015.10,0,0,0
1050,159,254,2,22.5,2015.10,69,34,0
1056,69,96,1,45.0,2015.10,0,0,0
1057,46,55,1,19.4,2015.10,0,0,0
1061,139,222,4,70.5,2015.10,51,12,1
1064,158,252,1,14.0,2015.10,0,0,0
1066,116,185,9,277.05,2015.10,150,16,1
1068,88,123,1,27.8,2015.10,0,0,0
1069,10,10,6,95.0,2015.10,113,18,1
1071,3,3,32,629.5,2015.10,297,9,1
1074,74,103,3,33.75,2015.10,14,4,1
1078,8,8,7,135.5,2015.10,183,26,1
1083,45,54,2,65.4,2015.10,82,41,0
1085,60,72,6,391.7,2015.10,240,40,0
1086,151,241,9,272.0,2015.10,138,15,1
1088,131,209,2,64.5,2015.10,83,41,0
1096,97,155,2,129.05,2015.10,74,37,0
1099,23,25,1,30.3,2015.10,0,0,0
1100,177,283,2,94.0,2015.10,121,60,0
1101,9,9,2,26.0,2015.10,38,19,1
1103,63,88,2,69.7,2015.10,199,99,0
1109,10,10,12,520.2,2015.10,247,20,1
1110,16,17,5,117.5,2015.10,261,52,0
1116,47,56,2,77.6,2015.10,133,66,0
1118,10,10,38,1005.29,2015.10,281,7,1
1119,118,188,3,159.3,2015.10,140,46,0
1125,39,46,5,80.0,2015.10,43,8,1
1126,17,18,5,125.1,2015.10,252,50,0
1127,24,26,5,69.2,2015.10,243,48,0
1128,57,68,2,204.0,2015.10,161,80,0
1132,4,4,18,798.75,2015.10,275,15,1
1134,19,20,9,266.0,2015.10,275,30,0
1135,123,196,11,218.4,2015.10,180,16,1
1137,47,56,7,361.9,2015.10,169,24,1
1139,7,7,9,327.6,2015.10,287,31,0
1140,34,40,3,70.5,2015.10,145,48,0
1142,62,86,12,245.55,2015.10,195,16,1
1145,20,22,3,175.8,2015.10,278,92,0
1146,52,62,13,582.15,2015.10,248,19,1
1148,167,267,1,13.0,2015.10,0,0,0
1153,173,276,5,423.55,2015.10,88,17,1
1155,33,39,10,185.4,2015.10,232,23,1
1158,62,86,30,564.0,2015.10,230,7,1
1159,105,168,5,232.7,2015.10,147,29,1
1160,67,93,2,54.18,2015.10,28,14,1
1162,117,187,2,27.4,2015.10,140,70,0
1163,27,29,6,160.9,2015.10,180,30,1
1164,9,9,19,385.77,2015.10,283,14,1
1165,34,40,5,209.0,2015.10,179,35,0
1168,15,15,28,593.55,2015.10,273,9,1
1171,4,4,5,168.5,2015.10,233,46,0
1173,160,256,1,11.25,2015.10,0,0,0
1174,262,471,1,15.8,2015.10,0,0,0
1176,11,11,29,503.8,2015.10,275,9,1
1181,19,20,5,12.9,2015.10,100,20,1
1184,12,12,21,705.6,2015.10,283,13,1
1189,242,435,7,210.7,2015.10,49,7,1
1193,68,95,4,74.65,2015.10,228,57,0
1197,103,164,9,326.85,2015.10,193,21,1
1201,50,60,3,130.8,2015.10,154,51,0
1202,110,176,4,423.3,2015.10,177,44,0
1204,62,86,1,32.0,2015.10,0,0,0
1205,242,435,1,47.75,2015.10,0,0,0
1208,99,158,2,188.0,2015.10,118,59,0
1209,4,4,38,174.5,2015.10,295,7,1
1210,17,18,20,364.65,2015.10,275,13,1
1211,44,52,2,153.6,2015.10,51,25,1
1212,12,12,20,1132.5,2015.10,285,14,1
1213,123,196,2,29.35,2015.10,34,17,1
1215,1,1,1,18.9,2015.10,0,0,0
1221,115,184,7,454.38,2015.10,150,21,1
1224,149,238,1,49.9,2015.10,0,0,0
1227,257,462,4,123.5,2015.10,36,9,1
1229,265,477,1,80.0,2015.10,0,0,0
1232,10,10,13,274.95,2015.10,240,18,1
1237,15,15,6,112.66,2015.10,280,46,0
1238,22,24,7,158.25,2015.10,92,13,1
1242,38,45,3,54.4,2015.10,128,42,0
1248,11,11,16,173.87,2015.10,256,16,1
1251,230,414,11,196.5,2015.10,68,6,1
1254,123,196,3,105.4,2015.10,119,39,0
1255,55,66,2,77.3,2015.10,105,52,0
1258,5,5,26,778.5,2015.10,286,11,1
1259,145,232,1,37.0,2015.10,0,0,0
1263,220,396,2,25.8,2015.10,3,1,1
1265,112,179,3,278.3,2015.10,38,12,1
1267,220,396,1,13.5,2015.10,0,0,0
1270,6,6,12,211.75,2015.10,252,21,1
1279,89,124,1,12.9,2015.10,0,0,0
1283,10,10,14,193.05,2015.10,223,15,1
1284,35,42,7,640.45,2015.10,229,32,0
1287,52,62,3,80.15,2015.10,169,56,0
1288,191,343,2,105.7,2015.10,93,46,0
1290,115,184,5,175.0,2015.10,182,36,0
1292,14,14,8,205.5,2015.10,208,26,1
1294,14,14,11,235.08,2015.10,265,24,1
1295,15,15,18,856.85,2015.10,288,16,1
1302,217,390,1,16.0,2015.10,0,0,0
1307,178,284,3,69.8,2015.10,81,27,1
1314,100,160,6,104.0,2015.10,165,27,1
1315,104,166,5,267.3,2015.10,188,37,0
1316,75,105,2,100.9,2015.10,98,49,0
1317,107,171,7,351.5,2015.10,183,26,1
1320,27,29,10,275.1,2015.10,258,25,1
1326,6,6,1,16.0,2015.10,0,0,0
1328,292,525,1,12.0,2015.10,0,0,0
1344,41,49,5,300.15,2015.10,200,40,0
1347,263,473,1,28.0,2015.10,0,0,0
1351,287,516,1,63.0,2015.10,0,0,0
1355,62,86,2,51.6,2015.10,66,33,0
1356,181,325,1,4.75,2015.10,0,0,0
1361,7,7,21,438.53,2015.10,263,12,1
1367,183,329,1,15.5,2015.10,0,0,0
1372,194,349,1,57.6,2015.10,0,0,0
1375,6,6,22,530.25,2015.10,278,12,1
1380,131,209,1,29.55,2015.10,0,0,0
1381,67,93,7,175.24,2015.10,213,30,0
1386,12,12,16,231.4,2015.10,252,15,1
1389,5,5,8,339.19,2015.10,289,36,0
1399,142,227,4,87.35,2015.10,78,19,1
1405,236,424,2,29.0,2015.10,43,21,1
1413,8,8,7,619.25,2015.10,284,40,0
1415,20,22,5,80.2,2015.10,210,42,0
1416,212,381,2,45.0,2015.10,33,16,1
1420,202,363,1,60.2,2015.10,0,0,0
1424,132,211,2,27.4,2015.10,144,72,0
1439,234,421,1,15.5,2015.10,0,0,0
1442,46,55,1,16.0,2015.10,0,0,0
1445,7,7,2,41.4,2015.10,269,134,0
1460,3,3,29,907.0,2015.10,295,10,1
1474,275,495,1,23.5,2015.10,0,0,0
1484,223,401,4,146.29,2015.10,54,13,1
1486,118,188,17,614.74,2015.10,117,6,1
1505,124,198,4,104.6,2015.10,49,12,1
1513,5,5,53,1889.0,2015.10,294,5,1
1517,8,8,42,1124.3,2015.10,292,6,1
1520,128,204,1,105.9,2015.10,0,0,0
1521,38,45,4,133.5,2015.10,255,63,0
1524,146,233,2,90.3,2015.10,119,59,0
1527,27,29,33,1137.5,2015.10,270,8,1
1534,238,428,1,70.4,2015.10,0,0,0
1537,58,69,1,144.0,2015.10,0,0,0
1538,200,360,3,161.8,2015.10,41,13,1
1540,6,6,9,242.95,2015.10,295,32,0
1551,72,100,6,415.2000000000001,2015.10,20,3,1
1564,152,243,1,250.0,2015.10,0,0,0
1567,297,534,1,16.0,2015.10,0,0,0
1568,11,11,11,361.9,2015.10,205,18,1
1569,213,383,5,131.4,2015.10,50,10,1
1583,33,39,1,25.25,2015.10,0,0,0
1585,189,340,1,27.45,2015.10,0,0,0
1586,1,1,24,1273.33,2015.10,296,12,1
1588,135,216,1,6.0,2015.10,0,0,0
1590,21,23,1,32.75,2015.10,0,0,0
1593,25,27,5,121.2,2015.10,142,28,1
1595,194,349,2,158.5,2015.10,92,46,0
1596,10,10,5,197.8,2015.10,241,48,0
1598,139,222,2,74.55,2015.10,84,42,0
1599,13,13,19,289.0,2015.10,285,15,1
1603,6,6,37,695.55,2015.10,294,7,1
1607,11,11,12,614.99,2015.10,171,14,1
1608,163,260,1,15.8,2015.10,0,0,0
1609,222,399,3,74.0,2015.10,34,11,1
1610,3,3,26,592.6,2015.10,284,10,1
1612,1,1,10,197.5,2015.10,273,27,1
1613,189,340,1,34.0,2015.10,0,0,0
1616,11,11,9,154.7,2015.10,278,30,0
1621,11,11,13,391.75,2015.10,292,22,1
1622,227,408,2,73.4,2015.10,62,31,0
1627,15,15,8,228.1,2015.10,284,35,0
1629,4,4,37,352.85,2015.10,288,7,1
1633,40,48,19,596.95,2015.10,257,13,1
1637,30,33,2,102.7,2015.10,166,83,0
1641,32,38,11,243.5,2015.10,242,22,1
1644,3,3,14,346.4,2015.10,244,17,1
1645,7,7,8,191.25,2015.10,253,31,0
1647,128,204,12,299.65,2015.10,83,6,1
1649,172,275,2,40.65,2015.10,22,11,1
1650,6,6,8,474.5,2015.10,292,36,0
1658,66,92,2,216.45,2015.10,160,80,0
1659,144,230,4,314.7,2015.10,144,36,0
1662,59,70,1,38.7,2015.10,0,0,0
1664,11,11,18,1038.2,2015.10,265,14,1
1670,92,147,1,12.9,2015.10,0,0,0
1672,279,502,2,54.0,2015.10,18,9,1
1675,47,56,9,237.2,2015.10,197,21,1
1678,183,329,3,20.3,2015.10,51,17,1
1682,11,11,23,1360.25,2015.10,285,12,1
1684,86,120,3,47.8,2015.10,217,72,0
1687,195,351,2,130.9,2015.10,108,54,0
1690,67,93,9,615.05,2015.10,230,25,1
1691,197,354,2,60.9,2015.10,105,52,0
1694,300,540,1,28.0,2015.10,0,0,0
1697,301,541,1,7.0,2015.10,0,0,0
1698,298,536,2,45.75,2015.10,3,1,1
1699,180,288,3,110.9,2015.10,121,40,0
1702,5,5,16,734.1,2015.10,294,18,1
1704,34,40,3,225.2,2015.10,265,88,0
1706,45,54,10,248.55,2015.10,254,25,1
1707,65,91,8,369.31,2015.10,233,29,1
1708,298,536,1,16.25,2015.10,0,0,0
1709,44,52,8,149.45,2015.10,240,30,1
1710,297,534,1,14.0,2015.10,0,0,0
1711,59,70,4,72.9,2015.10,238,59,0
1712,44,52,5,136.7,2015.10,253,50,0
1713,151,241,2,24.9,2015.10,146,73,0
1714,22,24,5,197.0,2015.10,275,55,0
1717,230,414,3,208.25,2015.10,66,22,1
1720,261,469,2,32.0,2015.10,35,17,1
1722,2,2,35,547.5,2015.10,293,8,1
1723,243,437,3,59.0,2015.10,12,4,1
1724,135,216,6,88.65,2015.10,158,26,1
1726,191,343,9,261.75,2015.10,103,11,1
1727,294,529,1,13.0,2015.10,0,0,0
1728,102,163,15,221.8,2015.10,191,12,1
1729,3,3,7,300.6,2015.10,276,39,0
1731,293,527,1,19.5,2015.10,0,0,0
1732,293,527,1,20.0,2015.10,0,0,0
1735,21,23,22,268.3,2015.10,271,12,1
1736,293,527,1,13.5,2015.10,0,0,0
1740,124,198,2,44.8,2015.10,160,80,0
1743,11,11,22,388.2,2015.10,281,12,1
1744,291,523,1,21.0,2015.10,0,0,0
1745,26,28,14,220.5,2015.10,253,18,1
1746,9,9,4,112.8,2015.10,282,70,0
1747,290,522,1,12.5,2015.10,0,0,0
1748,4,4,19,2.7,2015.10,153,8,1
1750,290,522,1,22.5,2015.10,0,0,0
1751,290,522,1,52.0,2015.10,0,0,0
1753,289,520,1,17.25,2015.10,0,0,0
1754,158,252,3,182.25,2015.10,131,43,0
1755,65,91,5,69.3,2015.10,224,44,0
1758,288,518,1,6.0,2015.10,0,0,0
1760,288,518,1,35.0,2015.10,0,0,0
1761,1,1,11,214.0,2015.10,287,26,1
1762,109,174,4,147.49,2015.10,178,44,0
1765,286,514,1,11.25,2015.10,0,0,0
1766,87,121,2,32.3,2015.10,199,99,0
1768,60,72,12,229.05,2015.10,144,12,1
1769,285,513,1,18.5,2015.10,0,0,0
1770,275,495,1,1.25,2015.10,0,0,0
1771,284,511,1,20.0,2015.10,0,0,0
1772,284,511,1,22.0,2015.10,0,0,0
1776,6,6,3,37.56,2015.10,277,92,0
1777,6,6,24,509.58,2015.10,277,11,1
1778,3,3,27,489.75,2015.10,280,10,1
1779,33,39,3,165.75,2015.10,249,83,0
1781,282,507,1,12.0,2015.10,0,0,0
1783,141,225,21,205.3,2015.10,140,6,1
1786,269,484,2,50.25,2015.10,11,5,1
1789,276,496,2,185.55,2015.10,4,2,1
1794,138,220,7,160.8,2015.10,140,20,1
1796,112,179,3,69.6,2015.10,166,55,0
1797,155,248,1,91.8,2015.10,0,0,0
1798,102,163,23,1300.65,2015.10,175,7,1
1799,28,30,5,342.0,2015.10,250,50,0
1802,5,5,12,1121.01,2015.10,248,20,1
1803,277,498,1,32.25,2015.10,0,0,0
1804,223,401,1,36.3,2015.10,0,0,0
1806,118,188,4,116.7,2015.10,158,39,0
1808,121,193,3,72.3,2015.10,155,51,0
1809,243,437,2,42.25,2015.10,30,15,1
1810,46,55,15,495.55,2015.10,217,14,1
1811,9,9,18,287.0,2015.10,266,14,1
1812,100,160,14,222.0,2015.10,175,12,1
1814,21,23,5,514.15,2015.10,253,50,0
1815,6,6,32,441.6,2015.10,268,8,1
1816,274,493,1,13.0,2015.10,0,0,0
1818,17,18,15,926.4,2015.10,285,19,1
1819,8,8,15,798.35,2015.10,240,16,1
1821,119,190,7,138.9,2015.10,154,22,1
1822,165,264,2,93.6,2015.10,102,51,0
1825,272,489,1,24.0,2015.10,0,0,0
1827,9,9,3,45.3,2015.10,262,87,0
1828,8,8,11,171.45,2015.10,262,23,1
1829,188,338,3,187.5,2015.10,83,27,1
1830,271,487,1,24.3,2015.10,0,0,0
1831,5,5,12,480.15,2015.10,263,21,1
1832,271,487,1,14.5,2015.10,0,0,0
1833,58,69,3,1120.5,2015.10,213,71,0
1839,3,3,1,18.9,2015.10,0,0,0
1840,95,152,3,100.26,2015.10,174,58,0
1844,269,484,1,114.5,2015.10,0,0,0
1846,246,442,2,88.5,2015.10,23,11,1
1849,16,17,13,483.3,2015.10,252,19,1
1850,28,30,6,122.7,2015.10,240,40,0
1851,268,482,1,16.0,2015.10,0,0,0
1853,15,15,5,80.0,2015.10,252,50,0
1855,267,480,1,41.5,2015.10,0,0,0
1857,196,352,2,41.4,2015.10,35,17,1
1858,267,480,1,30.5,2015.10,0,0,0
1863,58,69,8,167.47,2015.10,208,26,1
1865,27,29,15,477.25,2015.10,239,15,1
1866,25,27,4,90.25,2015.10,236,59,0
1868,45,54,2,42.8,2015.10,220,110,0
1870,265,477,1,18.5,2015.10,0,0,0
1871,265,477,1,50.0,2015.10,0,0,0
1872,137,219,2,61.3,2015.10,128,64,0
1873,265,477,1,27.0,2015.10,0,0,0
1874,166,265,3,101.5,2015.10,98,32,0
1875,264,475,1,48.0,2015.10,0,0,0
1877,178,284,5,81.25,2015.10,86,17,1
1878,15,15,4,91.3,2015.10,249,62,0
1879,121,193,6,227.0,2015.10,143,23,1
1881,243,437,2,24.0,2015.10,20,10,1
1882,16,17,10,364.38,2015.10,246,24,1
1883,5,5,21,684.36,2015.10,256,12,1
1884,261,469,1,17.0,2015.10,0,0,0
1886,261,469,1,111.5,2015.10,0,0,0
1888,261,469,1,29.0,2015.10,0,0,0
1889,13,13,11,211.6,2015.10,227,20,1
1890,60,72,3,53.25,2015.10,193,64,0
1892,203,365,3,127.5,2015.10,57,19,1
1893,1,1,29,586.2,2015.10,259,8,1
1894,48,57,6,107.25,2015.10,212,35,0
1895,260,468,1,28.0,2015.10,0,0,0
1897,260,468,1,4.5,2015.10,0,0,0
1898,175,280,2,33.0,2015.10,85,42,0
1904,63,88,3,65.4,2015.10,196,65,0
1906,238,428,3,49.4,2015.10,21,7,1
1907,244,439,2,103.5,2015.10,14,7,1
1908,69,96,2,72.5,2015.10,189,94,0
1910,65,91,1,15.4,2015.10,0,0,0
1911,13,13,5,169.9,2015.10,245,49,0
1912,32,38,3,68.8,2015.10,226,75,0
1913,258,464,1,19.0,2015.10,0,0,0
1914,35,42,4,164.89999999999998,2015.10,123,30,0
1915,257,462,1,39.0,2015.10,0,0,0
1919,49,58,4,125.0,2015.10,241,60,0
1920,257,462,1,66.5,2015.10,0,0,0
1921,18,19,16,786.8,2015.10,239,14,1
1923,236,424,1,12.5,2015.10,0,0,0
1925,22,24,4,56.75,2015.10,233,58,0
1928,17,18,23,413.25,2015.10,238,10,1
1929,237,426,2,25.0,2015.10,18,9,1
1932,6,6,28,186.7,2015.10,249,8,1
1933,6,6,29,745.99,2015.10,248,8,1
1935,6,6,18,383.15,2015.10,248,13,1
1936,137,219,2,49.4,2015.10,117,58,0
1937,254,457,1,27.0,2015.10,0,0,0
1938,252,453,1,34.0,2015.10,0,0,0
1939,252,453,1,15.0,2015.10,0,0,0
1940,123,196,11,219.4,2015.10,129,11,1
1941,98,156,1,15.8,2015.10,0,0,0
1942,252,453,1,20.5,2015.10,0,0,0
1944,8,8,7,292.1,2015.10,207,29,1
1945,13,13,11,655.6,2015.10,238,21,1
1947,250,450,1,32.0,2015.10,0,0,0
1949,5,5,12,355.75,2015.10,245,20,1
1952,19,20,7,263.8,2015.10,229,32,0
1953,249,448,1,13.05,2015.10,0,0,0
1954,249,448,1,36.5,2015.10,0,0,0
1958,47,56,2,17.5,2015.10,196,98,0
1959,248,446,1,7.0,2015.10,0,0,0
1962,225,405,4,251.25,2015.10,22,5,1
1969,35,42,7,159.5,2015.10,211,30,0
1970,109,174,10,158.5,2015.10,137,13,1
1971,238,428,1,15.0,2015.10,0,0,0
1972,140,224,2,68.0,2015.10,105,52,0
1973,203,365,1,26.5,2015.10,0,0,0
1975,244,439,1,14.0,2015.10,0,0,0
1976,244,439,1,49.5,2015.10,0,0,0
1977,202,363,2,33.4,2015.10,42,21,1
1978,163,260,6,143.0,2015.10,81,13,1
1979,17,18,8,142.75,2015.10,227,28,1
1980,243,437,1,10.5,2015.10,0,0,0
1982,152,243,4,82.5,2015.10,92,23,1
1985,149,238,4,310.2,2015.10,81,20,1
1988,12,12,9,184.6,2015.10,231,25,1
1989,242,435,1,24.0,2015.10,0,0,0
1990,242,435,1,0.25,2015.10,0,0,0
1993,3,3,38,331.5,2015.10,236,6,1
1995,94,150,19,364.23,2015.10,148,7,1
1996,202,363,5,92.55,2015.10,39,7,1
1997,172,275,1,16.0,2015.10,0,0,0
1999,241,433,1,27.25,2015.10,0,0,0
2001,241,433,1,19.0,2015.10,0,0,0
2003,99,158,3,70.3,2015.10,46,15,1
2004,15,15,6,96.25,2015.10,226,37,0
2005,240,432,1,0.25,2015.10,0,0,0
2007,240,432,1,7.0,2015.10,0,0,0
2008,240,432,1,12.0,2015.10,0,0,0
2011,237,426,1,24.5,2015.10,0,0,0
2012,42,50,5,81.4,2015.10,192,38,0
2015,136,217,1,22.0,2015.10,0,0,0
2016,7,7,12,287.25,2015.10,233,19,1
2018,93,148,8,357.7,2015.10,146,18,1
2019,118,188,1,29.75,2015.10,0,0,0
2020,239,430,1,19.0,2015.10,0,0,0
2021,181,325,4,134.0,2015.10,58,14,1
2023,7,7,6,141.51,2015.10,232,38,0
2024,100,160,3,55.0,2015.10,139,46,0
2026,14,14,13,422.0,2015.10,225,17,1
2027,7,7,9,122.0,2015.10,232,25,1
2028,239,430,2,135.0,2015.10,0,0,0
2029,5,5,25,267.38,2015.10,233,9,1
2032,36,43,1,60.7,2015.10,0,0,0
2033,237,426,1,7.0,2015.10,0,0,0
2034,234,421,1,7.0,2015.10,0,0,0
2037,53,63,5,170.0,2015.10,184,36,0
2038,237,426,1,18.0,2015.10,0,0,0
2039,223,401,2,41.5,2015.10,14,7,1
2040,237,426,1,10.0,2015.10,0,0,0
2043,236,424,1,18.0,2015.10,0,0,0
2045,21,23,4,143.10000000000002,2015.10,215,53,0
2047,167,267,2,32.0,2015.10,69,34,0
2048,121,193,2,44.7,2015.10,102,51,0
2049,227,408,2,42.25,2015.10,8,4,1
2050,235,423,1,22.0,2015.10,0,0,0
2054,17,18,5,294.5,2015.10,218,43,0
2055,36,43,6,352.1,2015.10,198,33,0
2057,227,408,1,15.8,2015.10,0,0,0
2058,234,421,1,6.25,2015.10,0,0,0
2061,60,72,7,115.15,2015.10,173,24,1
2069,160,256,1,40.7,2015.10,0,0,0
2072,121,193,17,22.0,2015.10,105,6,1
2073,4,4,17,775.0999999999999,2015.10,227,13,1
2076,133,212,2,32.0,2015.10,98,49,0
2077,16,17,18,756.43,2015.10,214,11,1
2078,14,14,13,656.8,2015.10,216,16,1
2080,230,414,1,15.0,2015.10,0,0,0
2081,205,369,1,16.7,2015.10,0,0,0
2082,230,414,1,14.5,2015.10,0,0,0
2083,230,414,1,35.0,2015.10,0,0,0
2087,65,91,25,528.0,2015.10,164,6,1
2092,228,410,1,18.0,2015.10,0,0,0
2093,28,30,2,34.75,2015.10,6,3,1
2094,205,369,1,21.8,2015.10,0,0,0
2097,228,410,1,12.9,2015.10,0,0,0
2098,215,387,1,6.0,2015.10,0,0,0
2101,227,408,1,18.0,2015.10,0,0,0
2103,69,96,6,127.9,2015.10,158,26,1
2104,157,251,3,38.400000000000006,2015.10,70,23,1
2105,141,225,2,54.89,2015.10,85,42,0
2109,225,405,1,56.0,2015.10,0,0,0
2110,149,238,4,101.5,2015.10,76,19,1
2112,10,10,6,168.9,2015.10,215,35,0
2113,16,17,2,42.7,2015.10,209,104,0
2115,224,403,1,18.9,2015.10,0,0,0
2116,33,39,3,35.8,2015.10,192,64,0
2117,222,399,1,12.75,2015.10,0,0,0
2119,220,396,1,13.5,2015.10,0,0,0
2120,189,340,2,121.25,2015.10,35,17,1
2122,121,193,3,192.9,2015.10,103,34,0
2123,224,403,1,11.61,2015.10,0,0,0
2126,224,403,1,19.4,2015.10,0,0,0
2128,217,390,1,9.55,2015.10,0,0,0
2130,21,23,13,383.5,2015.10,201,15,1
2131,204,367,1,6.0,2015.10,0,0,0
2133,63,88,3,44.3,2015.10,159,53,0
2136,221,397,1,22.3,2015.10,0,0,0
2137,221,397,1,15.25,2015.10,0,0,0
2140,170,272,4,135.8,2015.10,50,12,1
2142,220,396,1,2.9,2015.10,0,0,0
2144,219,394,1,21.8,2015.10,0,0,0
2147,219,394,1,10.5,2015.10,0,0,0
2148,162,259,3,41.9,2015.10,57,19,1
2149,218,392,1,19.8,2015.10,0,0,0
2150,63,88,3,191.7,2015.10,155,51,0
2152,54,64,5,144.89,2015.10,163,32,0
2155,139,222,1,15.0,2015.10,0,0,0
2157,217,390,1,6.0,2015.10,0,0,0
2158,111,177,7,276.3,2015.10,105,15,1
2159,215,387,1,2.9,2015.10,0,0,0
2161,216,388,1,101.93,2015.10,0,0,0
2164,215,387,1,22.0,2015.10,0,0,0
2167,188,338,1,12.65,2015.10,0,0,0
2168,214,385,1,17.0,2015.10,0,0,0
2171,131,209,2,150.45,2015.10,34,17,1
2175,109,174,13,28.0,2015.10,104,8,1
2177,34,40,5,111.5,2015.10,178,35,0
2179,160,256,3,127.3,2015.10,52,17,1
2181,211,379,1,10.98,2015.10,0,0,0
2183,209,376,1,41.8,2015.10,0,0,0
2184,1,1,11,361.6,2015.10,204,18,1
2185,209,376,1,13.0,2015.10,0,0,0
2186,5,5,29,0.0,2015.10,203,7,1
2188,208,374,1,18.9,2015.10,0,0,0
2190,38,45,3,103.5,2015.10,170,56,0
2194,8,8,11,532.05,2015.10,199,18,1
2196,205,369,1,21.4,2015.10,0,0,0
2197,169,270,2,44.9,2015.10,38,19,1
2199,206,370,1,17.4,2015.10,0,0,0
2201,206,370,1,16.6,2015.10,0,0,0
2202,206,370,1,12.0,2015.10,0,0,0
2203,147,235,5,109.98,2015.10,59,11,1
2204,172,275,2,46.8,2015.10,33,16,1
2206,130,208,1,189.0,2015.10,0,0,0
2208,28,30,4,71.1,2015.10,177,44,0
2212,204,367,1,57.75,2015.10,0,0,0
2213,204,367,1,57.75,2015.10,0,0,0
2214,52,62,10,181.43,2015.10,152,15,1
2215,11,11,2,219.0,2015.10,1,0,0
2216,204,367,1,13.4,2015.10,0,0,0
2217,23,25,7,396.3,2015.10,153,21,1
2219,203,365,1,116.0,2015.10,0,0,0
2220,203,365,1,12.0,2015.10,0,0,0
2221,122,195,11,376.55,2015.10,78,7,1
2222,10,10,6,99.7,2015.10,193,32,0
2223,189,340,3,66.25,2015.10,14,4,1
2226,19,20,12,204.5,2015.10,183,15,1
2227,151,241,3,136.0,2015.10,51,17,1
2228,164,262,2,43.6,2015.10,38,19,1
2229,119,190,10,345.3,2015.10,83,8,1
2231,146,233,3,107.8,2015.10,56,18,1
2232,202,363,1,18.9,2015.10,0,0,0
2233,201,361,1,62.75,2015.10,0,0,0
2234,12,12,3,39.25,2015.10,92,30,0
2235,201,361,1,12.05,2015.10,0,0,0
2236,137,219,4,54.65,2015.10,64,16,1
2241,200,360,1,14.4,2015.10,0,0,0
2242,200,360,1,22.5,2015.10,0,0,0
2243,27,29,4,226.6,2015.10,173,43,0
2244,199,358,1,10.0,2015.10,0,0,0
2245,12,12,5,239.1,2015.10,187,37,0
2248,69,96,3,51.28999999999999,2015.10,72,24,1
2250,6,6,6,235.0,2015.10,192,32,0
2251,198,356,1,41.3,2015.10,0,0,0
2253,150,240,2,302.59000000000003,2015.10,48,24,1
2256,22,24,6,154.59,2015.10,175,29,1
2258,35,42,3,43.0,2015.10,162,54,0
2260,197,354,1,12.5,2015.10,0,0,0
2261,7,7,8,565.5899999999999,2015.10,190,23,1
2262,195,351,1,11.0,2015.10,0,0,0
2264,8,8,25,41.8,2015.10,188,7,1
2265,196,352,1,24.0,2015.10,0,0,0
2267,196,352,1,33.4,2015.10,0,0,0
2268,191,343,1,18.9,2015.10,0,0,0
2270,3,3,20,945.5,2015.10,192,9,1
2271,195,351,1,2.9,2015.10,0,0,0
2272,195,351,1,13.5,2015.10,0,0,0
2273,132,211,4,98.4,2015.10,63,15,1
2274,195,351,1,15.8,2015.10,0,0,0
2276,116,185,3,67.48,2015.10,79,26,1
2277,194,349,1,130.5,2015.10,0,0,0
2279,40,48,1,13.5,2015.10,0,0,0
2281,53,63,3,41.35,2015.10,141,47,0
2282,158,252,2,29.5,2015.10,32,16,1
2284,23,25,3,79.35,2015.10,165,55,0
2285,193,347,1,19.5,2015.10,0,0,0
2286,193,347,1,16.0,2015.10,0,0,0
2287,143,228,1,12.9,2015.10,0,0,0
2289,193,347,1,48.0,2015.10,0,0,0
2292,179,286,2,29.25,2015.10,13,6,1
2293,192,345,1,32.3,2015.10,0,0,0
2297,123,196,2,31.5,2015.10,44,22,1
2298,191,343,1,39.0,2015.10,0,0,0
2299,174,278,1,108.2,2015.10,0,0,0
2302,148,236,2,40.68,2015.10,43,21,1
2303,147,235,2,41.6,2015.10,44,22,1
2304,187,336,1,49.8,2015.10,0,0,0
2306,160,256,1,10.0,2015.10,0,0,0
2307,190,342,1,12.0,2015.10,0,0,0
2309,54,64,4,106.8,2015.10,136,34,0
2310,189,340,1,28.5,2015.10,0,0,0
2311,21,23,5,133.13,2015.10,168,33,0
2314,151,241,2,45.2,2015.10,38,19,1
2316,100,160,6,151.25,2015.10,85,14,1
2317,188,338,1,38.7,2015.10,0,0,0
2318,90,125,3,44.5,2015.10,56,18,1
2320,187,336,1,27.0,2015.10,0,0,0
2321,187,336,1,10.9,2015.10,0,0,0
2323,8,8,6,390.5,2015.10,179,29,1
2324,187,336,1,32.0,2015.10,0,0,0
2325,182,327,1,25.8,2015.10,0,0,0
2326,13,13,15,400.5,2015.10,173,11,1
2328,186,334,1,14.0,2015.10,0,0,0
2329,186,334,1,133.65,2015.10,0,0,0
2330,6,6,2,32.0,2015.10,9,4,1
2331,186,334,1,19.5,2015.10,0,0,0
2333,186,334,1,45.65,2015.10,0,0,0
2334,9,9,13,244.75,2015.10,176,13,1
2335,135,216,1,11.25,2015.10,0,0,0
2336,185,333,1,12.0,2015.10,0,0,0
2337,10,10,4,199.3,2015.10,175,43,0
2339,185,333,1,37.25,2015.10,0,0,0
2340,185,333,1,12.9,2015.10,0,0,0
2341,185,333,1,28.9,2015.10,0,0,0
2342,117,187,11,39.36,2015.10,68,6,1
2343,184,331,1,16.0,2015.10,0,0,0
2345,16,17,5,105.3,2015.10,167,33,0
2346,27,29,2,52.0,2015.10,156,78,0
2347,183,329,1,82.5,2015.10,0,0,0
2349,183,329,1,15.25,2015.10,0,0,0
2355,182,327,1,35.0,2015.10,0,0,0
2356,182,327,1,6.0,2015.10,0,0,0
2357,181,325,1,13.0,2015.10,0,0,0
2359,181,325,1,48.0,2015.10,0,0,0
2360,174,278,2,25.0,2015.10,7,3,1
2362,181,325,1,17.9,2015.10,0,0,0
2363,162,259,2,43.89,2015.10,19,9,1
2365,171,273,1,12.5,2015.10,0,0,0
2366,138,220,2,57.8,2015.10,43,21,1
2367,180,288,1,14.9,2015.10,0,0,0
2368,146,233,2,38.5,2015.10,34,17,1
2369,180,288,1,93.5,2015.10,0,0,0
2370,180,288,1,38.5,2015.10,0,0,0
2371,6,6,8,355.35,2015.10,174,21,1
2373,180,288,1,38.5,2015.10,0,0,0
2374,180,288,1,48.5,2015.10,0,0,0
2376,180,288,1,15.9,2015.10,0,0,0
2379,180,288,1,12.0,2015.10,0,0,0
2381,62,86,4,162.87,2015.10,118,29,1
2382,170,272,2,441.4,2015.10,9,4,1
2383,174,278,3,157.8,2015.10,5,1,1
2384,179,286,1,15.5,2015.10,0,0,0
2385,179,286,1,43.5,2015.10,0,0,0
2386,148,236,2,143.1,2015.10,31,15,1
2387,179,286,2,31.8,2015.10,0,0,0
2389,179,286,1,23.9,2015.10,0,0,0
2391,11,11,12,480.1,2015.10,167,13,1
2392,178,284,1,28.7,2015.10,0,0,0
2393,33,39,3,48.0,2015.10,145,48,0
2395,140,224,2,34.9,2015.10,28,14,1
2399,46,55,5,90.05,2015.10,131,26,1
2401,8,8,6,415.0,2015.10,169,28,1
2404,56,67,2,60.98,2015.10,121,60,0
2405,14,14,12,487.4,2015.10,163,13,1
2406,176,281,1,44.0,2015.10,0,0,0
2407,62,86,7,130.6,2015.10,109,15,1
2410,176,281,1,22.0,2015.10,0,0,0
2411,149,238,4,64.0,2015.10,27,6,1
2412,176,281,1,64.5,2015.10,0,0,0
2415,174,278,1,19.25,2015.10,0,0,0
2416,142,227,3,53.9,2015.10,28,9,1
2417,174,278,1,124.1,2015.10,0,0,0
2419,11,11,4,267.2,2015.10,163,40,0
2420,174,278,1,10.0,2015.10,0,0,0
2421,48,57,2,45.75,2015.10,126,63,0
2422,26,28,5,127.19,2015.10,148,29,1
2423,65,91,4,113.6,2015.10,108,27,1
2424,11,11,7,124.6,2015.10,160,22,1
2425,173,276,1,15.4,2015.10,0,0,0
2427,159,254,3,69.6,2015.10,14,4,1
2429,160,256,1,39.9,2015.10,0,0,0
2430,5,5,2,116.9,2015.10,168,84,0
2432,145,232,3,157.35,2015.10,27,9,1
2433,140,224,4,95.22,2015.10,32,8,1
2434,128,204,7,153.8,2015.10,44,6,1
2435,154,246,4,153.8,2015.10,18,4,1
2436,102,163,5,123.9,2015.10,70,14,1
2437,172,275,1,41.3,2015.10,0,0,0
2438,172,275,1,82.0,2015.10,0,0,0
2440,172,275,1,0.9,2015.10,0,0,0
2441,172,275,1,5.4,2015.10,0,0,0
2442,172,275,1,6.0,2015.10,0,0,0
2443,20,22,10,544.3,2015.10,152,15,1
2444,37,44,5,300.51,2015.10,133,26,1
2445,172,275,1,29.15,2015.10,0,0,0
2446,171,273,1,19.75,2015.10,0,0,0
2447,6,6,1,11.61,2015.10,0,0,0
2449,171,273,1,3.5,2015.10,0,0,0
2450,171,273,1,18.9,2015.10,0,0,0
2451,171,273,1,18.9,2015.10,0,0,0
2452,171,273,1,22.15,2015.10,0,0,0
2454,26,28,6,208.8,2015.10,144,24,1
2455,3,3,23,233.79,2015.10,167,7,1
2457,10,10,6,58.1,2015.10,160,26,1
2459,57,68,2,45.5,2015.10,106,53,0
2461,163,260,2,59.1,2015.10,7,3,1
2463,14,14,11,214.4,2015.10,152,13,1
2464,169,270,1,41.5,2015.10,0,0,0
2466,57,68,3,93.1,2015.10,112,37,0
2468,169,270,1,14.9,2015.10,0,0,0
2471,58,69,2,80.4,2015.10,111,55,0
2472,169,270,1,16.0,2015.10,0,0,0
2475,11,11,10,268.5,2015.10,158,15,1
2478,146,233,1,42.78,2015.10,0,0,0
2479,157,251,1,55.8,2015.10,0,0,0
2480,167,267,1,19.4,2015.10,0,0,0
2482,96,153,3,55.4,2015.10,63,21,1
2483,167,267,1,124.0,2015.10,0,0,0
2484,10,10,16,471.55,2015.10,155,9,1
2485,167,267,1,6.0,2015.10,0,0,0
2486,164,262,1,17.0,2015.10,0,0,0
2487,6,6,6,304.37,2015.10,161,26,1
2488,167,267,1,12.0,2015.10,0,0,0
2489,24,26,8,551.55,2015.10,143,17,1
2491,7,7,14,576.15,2015.10,155,11,1
2492,134,214,2,115.1,2015.10,32,16,1
2493,145,232,2,25.3,2015.10,21,10,1
2494,13,13,15,310.34,2015.10,153,10,1
2495,166,265,1,12.0,2015.10,0,0,0
2496,166,265,1,59.2,2015.10,0,0,0
2497,163,260,2,115.6,2015.10,3,1,1
2498,161,257,1,32.5,2015.10,0,0,0
2500,45,54,3,207.6,2015.10,122,40,0
2502,18,19,2,32.0,2015.10,21,10,1
2504,165,264,1,15.9,2015.10,0,0,0
2505,117,187,2,28.700000000000003,2015.10,13,6,1
2506,2,2,2,54.9,2015.10,139,69,0
2508,165,264,1,58.8,2015.10,0,0,0
2509,165,264,1,63.0,2015.10,0,0,0
2510,165,264,1,26.0,2015.10,0,0,0
2518,148,236,2,25.8,2015.10,17,8,1
2519,164,262,1,12.49,2015.10,0,0,0
2520,26,28,4,201.15,2015.10,138,34,0
2522,9,9,12,270.43,2015.10,148,12,1
2529,3,3,29,2731.63,2015.10,160,5,1
2530,163,260,1,10.4,2015.10,0,0,0
2531,7,7,3,44.5,2015.10,153,51,0
2532,162,259,1,67.2,2015.10,0,0,0
2534,162,259,1,17.9,2015.10,0,0,0
2536,17,18,13,338.9,2015.10,143,11,1
2537,17,18,6,132.0,2015.10,144,24,1
2538,7,7,2,59.4,2015.10,105,52,0
2539,161,257,1,16.0,2015.10,0,0,0
2540,160,256,1,15.0,2015.10,0,0,0
2541,98,156,3,73.6,2015.10,63,21,1
2542,146,233,2,32.0,2015.10,15,7,1
2543,1,1,6,451.25,2015.10,160,26,1
2544,2,2,10,253.05,2015.10,159,15,1
2546,9,9,4,217.45,2015.10,151,37,0
2547,160,256,1,16.65,2015.10,0,0,0
2548,160,256,1,13.0,2015.10,0,0,0
2549,103,164,5,278.9,2015.10,57,11,1
2550,160,256,1,4.9,2015.10,0,0,0
2551,160,256,1,19.55,2015.10,0,0,0
2553,3,3,19,173.19,2015.10,157,8,1
2554,2,2,21,51.29,2015.10,155,7,1
2555,160,256,1,86.0,2015.10,0,0,0
2556,160,256,1,15.5,2015.10,0,0,0
2558,160,256,1,78.2,2015.10,0,0,0
2559,88,123,3,54.99,2015.10,55,18,1
2560,159,254,1,16.0,2015.10,0,0,0
2564,158,252,1,29.25,2015.10,0,0,0
2566,159,254,1,37.2,2015.10,0,0,0
2572,145,232,3,722.41,2015.10,13,4,1
2573,158,252,1,58.9,2015.10,0,0,0
2574,102,163,6,181.7,2015.10,55,9,1
2575,157,251,1,35.0,2015.10,0,0,0
2579,156,249,1,29.8,2015.10,0,0,0
2580,156,249,1,30.5,2015.10,0,0,0
2581,156,249,1,15.25,2015.10,0,0,0
2582,156,249,1,25.8,2015.10,0,0,0
2583,99,158,5,381.2,2015.10,57,11,1
2584,40,48,4,120.75,2015.10,115,28,1
2585,148,236,2,35.3,2015.10,7,3,1
2586,153,244,1,19.15,2015.10,0,0,0
2587,145,232,2,28.9,2015.10,5,2,1
2592,154,246,1,19.35,2015.10,0,0,0
2593,11,11,16,854.3199999999999,2015.10,155,9,1
2594,3,3,15,1227.55,2015.10,151,10,1
2596,19,20,14,432.6,2015.10,156,11,1
2598,153,244,1,63.8,2015.10,0,0,0
2599,8,8,7,201.25,2015.10,145,20,1
2603,152,243,1,28.7,2015.10,0,0,0
2604,152,243,1,48.0,2015.10,0,0,0
2607,152,243,1,39.5,2015.10,0,0,0
2608,152,243,1,12.4,2015.10,0,0,0
2612,150,240,1,8.9,2015.10,0,0,0
2613,136,217,2,40.0,2015.10,15,7,1
2615,17,18,1,12.0,2015.10,0,0,0
2622,150,240,1,25.3,2015.10,0,0,0
2623,6,6,3,85.69999999999999,2015.10,144,48,0
2624,150,240,1,23.1,2015.10,0,0,0
2625,140,224,2,67.85,2015.10,10,5,1
2626,124,198,2,75.9,2015.10,26,13,1
2628,111,177,7,25.9,2015.10,38,5,1
2630,149,238,1,21.8,2015.10,0,0,0
2632,149,238,1,0.99,2015.10,0,0,0
2635,21,23,4,158.1,2015.10,128,32,0
2636,90,125,7,114.65,2015.10,58,8,1
2638,148,236,1,30.9,2015.10,0,0,0
2644,55,66,5,101.7,2015.10,92,18,1
2645,25,27,3,46.0,2015.10,122,40,0
2646,122,195,1,3.0,2015.10,0,0,0
2647,3,3,16,2406.23,2015.10,143,8,1
2648,142,227,2,78.9,2015.10,4,2,1
2649,63,88,4,133.2,2015.10,83,20,1
2651,47,56,3,71.9,2015.10,99,33,0
2652,8,8,8,452.67,2015.10,138,17,1
2656,144,230,1,21.0,2015.10,0,0,0
2658,76,106,3,127.85,2015.10,58,19,1
2659,145,232,1,71.5,2015.10,0,0,0
2660,111,177,2,27.9,2015.10,34,17,1
2661,145,232,1,22.0,2015.10,0,0,0
2662,145,232,1,106.0,2015.10,0,0,0
2663,145,232,1,24.9,2015.10,0,0,0
2664,117,187,3,60.53,2015.10,28,9,1
2666,145,232,1,95.57,2015.10,0,0,0
2667,144,230,1,14.0,2015.10,0,0,0
2668,58,69,2,22.3,2015.10,86,43,0
2671,143,228,1,18.49,2015.10,0,0,0
2672,144,230,1,19.5,2015.10,0,0,0
2673,5,5,18,0.0,2015.10,138,7,1
2674,143,228,1,58.0,2015.10,0,0,0
2676,50,60,5,139.5,2015.10,77,15,1
2678,31,37,3,61.4,2015.10,111,37,0
2679,142,227,1,17.0,2015.10,0,0,0
2681,142,227,1,15.25,2015.10,0,0,0
2682,142,227,1,78.7,2015.10,0,0,0
2684,141,225,1,5.0,2015.10,0,0,0
2685,141,225,1,19.9,2015.10,0,0,0
2687,90,125,6,141.12,2015.10,51,8,1
2689,141,225,1,31.8,2015.10,0,0,0
2690,14,14,7,251.2,2015.10,124,17,1
2691,2,2,16,427.4,2015.10,139,8,1
2692,141,225,1,24.5,2015.10,0,0,0
2693,11,11,7,170.35,2015.10,129,18,1
2698,138,220,2,28.5,2015.10,2,1,1
2700,139,222,1,3.5,2015.10,0,0,0
2702,18,19,6,136.25,2015.10,121,20,1
2703,137,219,1,11.25,2015.10,0,0,0
2706,139,222,1,16.9,2015.10,0,0,0
2708,139,222,1,6.0,2015.10,0,0,0
2710,89,124,1,15.8,2015.10,0,0,0
2711,130,208,1,15.2,2015.10,0,0,0
2712,65,91,4,59.25,2015.10,73,18,1
2714,39,46,3,52.4,2015.10,99,33,0
2716,55,66,3,263.8,2015.10,83,27,1
2717,5,5,19,29.4,2015.10,131,6,1
2719,103,164,4,84.0,2015.10,34,8,1
2720,68,95,2,72.35,2015.10,69,34,0
2721,24,26,4,159.6,2015.10,113,28,1
2722,14,14,4,71.3,2015.10,111,27,1
2723,3,3,11,115.0,2015.10,134,12,1
2724,136,217,1,16.9,2015.10,0,0,0
2725,104,166,2,64.0,2015.10,32,16,1
2726,48,57,2,117.4,2015.10,88,44,0
2727,45,54,4,284.5,2015.10,91,22,1
2728,109,174,2,38.0,2015.10,16,8,1
2729,40,48,11,193.5,2015.10,90,8,1
2730,136,217,1,26.25,2015.10,0,0,0
2731,41,49,9,148.05,2015.10,95,10,1
2733,136,217,1,2.9,2015.10,0,0,0
2738,136,217,1,49.3,2015.10,0,0,0
2739,104,166,2,30.3,2015.10,32,16,1
2740,136,217,1,10.0,2015.10,0,0,0
2741,136,217,1,25.9,2015.10,0,0,0
2742,93,148,3,54.5,2015.10,43,14,1
2745,112,179,2,29.5,2015.10,22,11,1
2746,33,39,14,1308.43,2015.10,103,7,1
2747,41,49,5,128.4,2015.10,95,19,1
2748,136,217,1,69.6,2015.10,0,0,0
2749,131,209,1,88.7,2015.10,0,0,0
2750,88,123,2,63.9,2015.10,47,23,1
2751,3,3,16,21.1,2015.10,132,8,1
2752,10,10,7,184.45,2015.10,125,17,1
2755,82,114,7,212.48,2015.10,53,7,1
2757,134,214,1,24.4,2015.10,0,0,0
2760,133,212,1,5.3,2015.10,0,0,0
2761,133,212,1,22.6,2015.10,0,0,0
2764,18,19,5,48.25,2015.10,111,22,1
2767,132,211,2,114.0,2015.10,0,0,0
2768,108,172,5,95.75,2015.10,24,4,1
2772,131,209,1,51.6,2015.10,0,0,0
2773,55,66,2,54.8,2015.10,77,38,0
2774,132,211,1,10.65,2015.10,0,0,0
2775,10,10,5,84.95,2015.10,122,24,1
2776,131,209,1,6.0,2015.10,0,0,0
2777,34,40,2,62.0,2015.10,97,48,0
2779,37,44,1,12.9,2015.10,0,0,0
2780,131,209,1,15.8,2015.10,0,0,0
2781,109,174,2,32.3,2015.10,22,11,1
2783,7,7,13,711.7,2015.10,123,9,1
2784,3,3,19,2826.4,2015.10,127,6,1
2785,89,124,3,70.55,2015.10,41,13,1
2786,130,208,1,39.5,2015.10,0,0,0
2787,98,156,3,47.85,2015.10,20,6,1
2788,124,198,1,22.75,2015.10,0,0,0
2789,129,206,1,2.4,2015.10,0,0,0
2790,4,4,5,83.75,2015.10,125,25,1
2791,129,206,1,38.7,2015.10,0,0,0
2792,129,206,1,15.8,2015.10,0,0,0
2793,129,206,1,172.5,2015.10,0,0,0
2795,10,10,8,134.1,2015.10,119,14,1
2796,129,206,1,29.9,2015.10,0,0,0
2799,128,204,1,18.9,2015.10,0,0,0
2800,128,204,1,13.5,2015.10,0,0,0
2801,97,155,3,87.25,2015.10,31,10,1
2803,128,204,1,42.25,2015.10,0,0,0
2804,128,204,1,13.0,2015.10,0,0,0
2805,37,44,2,93.5,2015.10,91,45,0
2808,93,148,4,77.55,2015.10,34,8,1
2809,61,85,2,73.8,2015.10,36,18,1
2811,6,6,29,1947.36,2015.10,173,5,1
2814,116,185,1,14.8,2015.10,0,0,0
2815,68,95,3,75.8,2015.10,57,19,1
2816,114,182,2,22.5,2015.10,11,5,1
2817,68,95,2,67.3,2015.10,46,23,1
2819,107,171,1,13.25,2015.10,0,0,0
2821,2,2,6,132.02,2015.10,117,19,1
2822,125,200,1,10.25,2015.10,0,0,0
2823,23,25,2,128.4,2015.10,102,51,0
2824,61,85,4,108.2,2015.10,63,15,1
2825,74,103,7,56.68,2015.10,50,7,1
2827,47,56,2,93.15,2015.10,77,38,0
2830,100,160,2,29.5,2015.10,24,12,1
2831,124,198,1,16.55,2015.10,0,0,0
2832,102,163,2,34.4,2015.10,21,10,1
2833,123,196,1,114.9,2015.10,0,0,0
2834,95,152,2,67.4,2015.10,28,14,1
2836,123,196,1,24.7,2015.10,0,0,0
2837,123,196,1,19.35,2015.10,0,0,0
2838,123,196,1,104.0,2015.10,0,0,0
2839,22,24,6,116.4,2015.10,101,16,1
2841,52,62,6,88.42,2015.10,63,10,1
2842,123,196,1,12.0,2015.10,0,0,0
2844,51,61,6,472.35,2015.10,72,12,1
2845,122,195,1,22.0,2015.10,0,0,0
2847,122,195,1,31.3,2015.10,0,0,0
2848,115,184,2,32.730000000000004,2015.10,6,3,1
2849,121,193,1,10.75,2015.10,0,0,0
2850,12,12,2,12.0,2015.10,96,48,0
2852,120,192,1,48.9,2015.10,0,0,0
2853,120,192,1,32.5,2015.10,0,0,0
2855,22,24,6,126.04,2015.10,98,16,1
2857,10,10,8,176.0,2015.10,91,11,1
2858,6,6,16,1393.4,2015.10,114,7,1
2859,119,190,1,17.9,2015.10,0,0,0
2861,119,190,1,22.0,2015.10,0,0,0
2862,50,60,2,73.9,2015.10,69,34,0
2864,8,8,4,122.4,2015.10,110,27,1
2865,118,188,1,9.5,2015.10,0,0,0
2866,118,188,1,12.9,2015.10,0,0,0
2867,118,188,1,15.8,2015.10,0,0,0
2869,118,188,1,11.25,2015.10,0,0,0
2870,104,166,2,39.0,2015.10,14,7,1
2873,118,188,1,15.9,2015.10,0,0,0
2874,118,188,1,17.25,2015.10,0,0,0
2875,39,46,11,158.4,2015.10,78,7,1
2876,117,187,1,54.9,2015.10,0,0,0
2877,5,5,10,203.75,2015.10,112,11,1
2879,34,40,3,53.1,2015.10,83,27,1
2880,95,152,4,193.3,2015.10,22,5,1
2882,59,70,4,170.55,2015.10,41,10,1
2883,22,24,4,59.2,2015.10,95,23,1
2884,94,150,2,83.45,2015.10,23,11,1
2885,117,187,1,133.65,2015.10,0,0,0
2887,4,4,2,24.9,2015.10,112,56,0
2888,53,63,5,97.75,2015.10,63,12,1
2889,111,177,1,21.8,2015.10,0,0,0
2890,4,4,4,100.1,2015.10,112,28,1
2891,116,185,1,22.0,2015.10,0,0,0
2893,93,148,2,86.0,2015.10,22,11,1
2894,109,174,2,57.95,2015.10,6,3,1
2895,114,182,1,27.4,2015.10,0,0,0
2896,20,22,2,75.8,2015.10,95,47,0
2900,114,182,1,25.8,2015.10,0,0,0
2901,2,2,12,154.8,2015.10,112,9,1
2902,114,182,1,12.9,2015.10,0,0,0
2903,86,120,3,58.9,2015.10,28,9,1
2905,114,182,1,96.3,2015.10,0,0,0
2906,114,182,1,12.5,2015.10,0,0,0
2909,37,44,5,93.5,2015.10,76,15,1
2911,68,95,1,12.5,2015.10,0,0,0
2912,111,177,1,32.0,2015.10,0,0,0
2914,95,152,3,101.1,2015.10,16,5,1
2917,104,166,2,79.05000000000001,2015.10,7,3,1
2918,3,3,3,56.8,2015.10,106,35,0
2920,111,177,1,13.0,2015.10,0,0,0
2922,20,22,4,170.25,2015.10,91,22,1
2925,90,125,3,69.75,2015.10,21,7,1
2926,60,72,3,147.55,2015.10,50,16,1
2929,15,15,6,153.6,2015.10,95,15,1
2930,110,176,1,37.0,2015.10,0,0,0
2931,110,176,1,21.0,2015.10,0,0,0
2932,52,62,4,109.5,2015.10,58,14,1
2933,110,176,1,79.1,2015.10,0,0,0
2934,110,176,1,68.9,2015.10,0,0,0
2935,60,72,2,101.25,2015.10,49,24,1
2936,2,2,3,51.6,2015.10,107,35,0
2940,109,174,1,13.5,2015.10,0,0,0
2942,2,2,5,630.1,2015.10,107,21,1
2944,8,8,7,492.8,2015.10,101,14,1
2945,108,172,2,261.0,2015.10,139,69,0
2946,108,172,1,10.0,2015.10,0,0,0
2950,108,172,1,15.25,2015.10,0,0,0
2951,108,172,1,29.0,2015.10,0,0,0
2952,108,172,1,10.4,2015.10,0,0,0
2953,108,172,1,16.0,2015.10,0,0,0
2955,9,9,4,92.5,2015.10,99,24,1
2956,108,172,1,25.0,2015.10,0,0,0
2957,17,18,2,56.18000000000001,2015.10,90,45,0
2958,93,148,1,4.0,2015.10,0,0,0
2959,107,171,1,19.35,2015.10,0,0,0
2960,106,169,1,48.0,2015.10,0,0,0
2961,8,8,4,169.65,2015.10,69,17,1
2964,105,168,1,25.9,2015.10,0,0,0
2965,89,124,2,51.4,2015.10,16,8,1
2966,95,152,3,33.75,2015.10,9,3,1
2967,27,29,2,70.6,2015.10,39,19,1
2968,62,86,1,6.0,2015.10,0,0,0
2969,91,145,1,13.5,2015.10,0,0,0
2970,104,166,1,20.98,2015.10,0,0,0
2974,104,166,1,52.2,2015.10,0,0,0
2976,104,166,1,15.8,2015.10,0,0,0
2977,8,8,13,368.25,2015.10,72,5,1
2979,75,105,6,223.3,2015.10,28,4,1
2980,103,164,1,13.0,2015.10,0,0,0
2981,4,4,14,356.3,2015.10,99,7,1
2982,102,163,1,17.25,2015.10,0,0,0
2983,96,153,2,32.65,2015.10,6,3,1
2985,4,4,12,533.59,2015.10,98,8,1
2987,102,163,1,503.3,2015.10,0,0,0
2990,101,161,1,29.0,2015.10,0,0,0
2993,19,20,4,100.1,2015.10,82,20,1
2994,101,161,1,11.4,2015.10,0,0,0
2995,47,56,2,53.69,2015.10,54,27,1
2997,60,72,2,80.5,2015.10,29,14,1
2999,84,117,1,9.75,2015.10,0,0,0
3000,100,160,2,28.25,2015.10,0,0,0
3001,82,114,2,91.2,2015.10,18,9,1
3004,99,158,1,12.9,2015.10,0,0,0
3005,99,158,1,34.05,2015.10,0,0,0
3006,42,50,2,63.1,2015.10,56,28,1
3007,98,156,1,12.9,2015.10,0,0,0
3008,67,93,3,42.25,2015.10,31,10,1
3009,98,156,1,32.0,2015.10,0,0,0
3011,33,39,3,71.1,2015.10,64,21,1
3012,97,155,1,22.0,2015.10,0,0,0
3013,97,155,1,63.0,2015.10,0,0,0
3014,47,56,2,28.700000000000003,2015.10,50,25,1
3018,94,150,1,11.25,2015.10,0,0,0
3019,86,120,2,42.75,2015.10,11,5,1
3022,5,5,8,0.0,2015.10,46,5,1
3023,14,14,3,133.75,2015.10,56,18,1
3024,32,38,2,60.1,2015.10,64,32,0
3025,64,89,3,134.35000000000002,2015.10,32,10,1
3026,96,153,1,46.5,2015.10,0,0,0
3028,28,30,2,533.39,2015.10,67,33,0
3029,95,152,1,40.6,2015.10,0,0,0
3030,48,57,2,53.95,2015.10,47,23,1
3031,6,6,14,108.9,2015.10,89,6,1
3032,94,150,1,19.4,2015.10,0,0,0
3033,38,45,2,31.0,2015.10,56,28,1
3035,94,150,1,16.0,2015.10,0,0,0
3037,94,150,1,42.25,2015.10,0,0,0
3038,93,148,1,25.8,2015.10,0,0,0
3039,93,148,1,107.0,2015.10,0,0,0
3040,66,92,3,331.95,2015.10,25,8,1
3041,2,2,3,382.0,2015.10,89,29,1
3044,87,121,3,1316.0,2015.10,5,1,1
3045,7,7,9,201.25,2015.10,85,9,1
3049,90,125,1,22.0,2015.10,0,0,0
3050,90,125,1,40.2,2015.10,0,0,0
3051,90,125,1,15.0,2015.10,0,0,0
3052,60,72,2,31.700000000000003,2015.10,30,15,1
3053,2,2,12,612.08,2015.10,88,7,1
3054,90,125,1,73.75,2015.10,0,0,0
3057,90,125,1,21.8,2015.10,0,0,0
3058,38,45,2,5.8,2015.10,52,26,1
3060,90,125,1,88.9,2015.10,0,0,0
3061,89,124,1,18.8,2015.10,0,0,0
3062,86,120,2,180.9,2015.10,3,1,1
3063,89,124,1,177.5,2015.10,0,0,0
3064,82,114,1,28.5,2015.10,0,0,0
3065,6,6,6,267.5,2015.10,83,13,1
3066,89,124,1,11.8,2015.10,0,0,0
3068,89,124,1,15.8,2015.10,0,0,0
3071,88,123,1,37.7,2015.10,0,0,0
3072,6,6,5,548.95,2015.10,82,16,1
3073,88,123,1,21.3,2015.10,0,0,0
3074,88,123,1,44.0,2015.10,0,0,0
3076,88,123,1,33.7,2015.10,0,0,0
3079,88,123,1,22.9,2015.10,0,0,0
3081,88,123,1,40.25,2015.10,0,0,0
3082,88,123,1,69.7,2015.10,0,0,0
3084,88,123,1,22.3,2015.10,0,0,0
3085,66,92,3,145.95,2015.10,21,7,1
3086,87,121,1,55.0,2015.10,0,0,0
3087,87,121,1,11.25,2015.10,0,0,0
3088,87,121,1,40.0,2015.10,0,0,0
3090,87,121,1,12.9,2015.10,0,0,0
3091,86,120,1,26.5,2015.10,0,0,0
3092,86,120,1,29.5,2015.10,0,0,0
3093,86,120,1,54.15,2015.10,0,0,0
3094,86,120,1,18.9,2015.10,0,0,0
3095,27,29,2,67.5,2015.10,59,29,1
3097,85,118,1,22.5,2015.10,0,0,0
3098,85,118,1,14.25,2015.10,0,0,0
3099,85,118,1,15.8,2015.10,0,0,0
3100,85,118,1,16.0,2015.10,0,0,0
3101,85,118,1,18.9,2015.10,0,0,0
3102,84,117,1,31.0,2015.10,0,0,0
3103,81,113,2,343.9,2015.10,3,1,1
3105,83,116,1,29.5,2015.10,0,0,0
3106,83,116,1,22.0,2015.10,0,0,0
3107,83,116,1,16.0,2015.10,0,0,0
3110,82,114,2,97.5,2015.10,0,0,0
3111,72,100,2,20.5,2015.10,10,5,1
3112,65,91,7,609.3,2015.10,17,2,1
3113,82,114,1,39.25,2015.10,0,0,0
3114,66,92,2,55.5,2015.10,16,8,1
3115,5,5,5,124.05,2015.10,77,15,1
3116,82,114,1,30.7,2015.10,0,0,0
3118,68,95,2,68.5,2015.10,13,6,1
3119,66,92,3,46.0,2015.10,15,5,1
3122,3,3,4,64.0,2015.10,77,19,1
3123,2,2,5,123.75,2015.10,78,15,1
3124,79,110,1,14.0,2015.10,0,0,0
3125,4,4,2,98.82,2015.10,75,37,0
3131,78,109,1,10.4,2015.10,0,0,0
3133,3,3,10,48.0,2015.10,72,7,1
3134,76,106,1,22.65,2015.10,0,0,0
3135,16,17,4,144.9,2015.10,60,15,1
3136,76,106,1,57.5,2015.10,0,0,0
3137,76,106,1,12.9,2015.10,0,0,0
3139,75,105,1,102.5,2015.10,0,0,0
3141,75,105,1,12.9,2015.10,0,0,0
3142,6,6,10,257.4,2015.10,69,6,1
3144,75,105,1,36.75,2015.10,0,0,0
3145,75,105,1,81.7,2015.10,0,0,0
3146,62,86,2,44.0,2015.10,13,6,1
3147,75,105,1,13.0,2015.10,0,0,0
3149,74,103,1,17.9,2015.10,0,0,0
3150,74,103,1,41.8,2015.10,0,0,0
3151,19,20,9,501.75,2015.10,55,6,1
3152,32,38,3,115.9,2015.10,42,14,1
3153,5,5,6,318.0,2015.10,69,11,1
3154,74,103,1,28.3,2015.10,0,0,0
3155,68,95,2,105.55,2015.10,6,3,1
3159,73,102,1,10.0,2015.10,0,0,0
3160,58,69,2,123.0,2015.10,15,7,1
3161,73,102,1,28.7,2015.10,0,0,0
3162,72,100,1,20.4,2015.10,0,0,0
3164,58,69,1,28.7,2015.10,0,0,0
3165,18,19,6,84.15,2015.10,51,8,1
3167,69,96,1,23.0,2015.10,0,0,0
3168,16,17,3,93.2,2015.10,53,17,1
3169,69,96,1,16.7,2015.10,0,0,0
3170,42,50,3,137.3,2015.10,27,9,1
3171,12,12,5,118.3,2015.10,57,11,1
3172,19,20,2,54.8,2015.10,50,25,1
3174,62,86,1,17.25,2015.10,0,0,0
3175,31,37,2,39.5,2015.10,38,19,1
3177,68,95,1,214.5,2015.10,0,0,0
3178,68,95,1,26.9,2015.10,0,0,0
3179,68,95,1,97.65,2015.10,0,0,0
3181,19,20,7,310.05,2015.10,49,7,1
3184,67,93,1,12.9,2015.10,0,0,0
3185,59,70,2,25.5,2015.10,8,4,1
3186,67,93,1,66.5,2015.10,0,0,0
3187,67,93,1,350.0,2015.10,0,0,0
3188,67,93,1,28.05,2015.10,0,0,0
3189,14,14,2,32.0,2015.10,53,26,1
3191,67,93,1,36.99,2015.10,0,0,0
3192,67,93,1,55.3,2015.10,0,0,0
3194,13,13,5,177.8,2015.10,53,10,1
3196,66,92,1,32.0,2015.10,0,0,0
3198,19,20,1,2.9,2015.10,0,0,0
3200,1,1,9,160.3,2015.10,64,7,1
3201,10,10,5,139.5,2015.10,55,11,1
3202,65,91,1,49.6,2015.10,0,0,0
3204,16,17,8,212.5,2015.10,49,6,1
3207,65,91,1,15.0,2015.10,0,0,0
3208,65,91,1,15.5,2015.10,0,0,0
3209,46,55,3,93.05,2015.10,18,6,1
3211,56,67,2,41.1,2015.10,8,4,1
3212,64,89,1,28.8,2015.10,0,0,0
3214,64,89,1,29.55,2015.10,0,0,0
3217,63,88,10,583.2,2015.10,0,0,0
3218,43,51,3,147.45,2015.10,20,6,1
3221,21,23,4,236.35,2015.10,42,10,1
3222,2,2,11,52.3,2015.10,61,5,1
3223,62,86,1,12.9,2015.10,0,0,0
3225,62,86,1,14.9,2015.10,0,0,0
3229,3,3,2,22.0,2015.10,43,21,1
3230,62,86,1,31.5,2015.10,0,0,0
3232,4,4,8,44.46,2015.10,57,7,1
3233,61,85,1,70.55,2015.10,0,0,0
3234,5,5,2,61.8,2015.10,56,28,1
3236,61,85,1,120.5,2015.10,0,0,0
3237,5,5,6,399.5,2015.10,56,9,1
3239,19,20,2,48.4,2015.10,36,18,1
3241,3,3,10,193.45,2015.10,58,5,1
3243,8,8,2,34.9,2015.10,18,9,1
3245,60,72,1,19.35,2015.10,0,0,0
3247,60,72,1,17.6,2015.10,0,0,0
3249,60,72,1,51.2,2015.10,0,0,0
3250,5,5,10,11.4,2015.10,55,5,1
3252,59,70,1,25.8,2015.10,0,0,0
3255,6,6,23,1061.69,2015.10,53,2,1
3257,25,27,1,44.9,2015.10,0,0,0
3258,11,11,8,15.28,2015.10,48,6,1
3259,58,69,1,14.9,2015.10,0,0,0
3260,2,2,10,156.4,2015.10,56,5,1
3261,11,11,2,82.35,2015.10,47,23,1
3262,13,13,3,153.8,2015.10,45,15,1
3263,55,66,2,63.05,2015.10,3,1,1
3264,58,69,1,80.0,2015.10,0,0,0
3297,16,17,5,80.3,2015.10,41,8,1
3298,57,68,1,18.0,2015.10,0,0,0
3299,3,3,5,92.9,2015.10,54,10,1
3301,2,2,2,32.0,2015.10,55,27,1
3302,57,68,1,44.15,2015.10,0,0,0
3303,37,44,2,32.0,2015.10,7,3,1
3308,54,64,1,15.0,2015.10,0,0,0
3309,1,1,8,123.99,2015.10,55,6,1
3310,54,64,1,55.4,2015.10,0,0,0
3311,56,67,1,32.4,2015.10,0,0,0
3312,56,67,1,127.99,2015.10,0,0,0
3313,56,67,1,16.0,2015.10,0,0,0
3315,45,54,2,34.75,2015.10,11,5,1
3317,12,12,5,135.45,2015.10,43,8,1
3318,55,66,1,12.0,2015.10,0,0,0
3320,55,66,1,22.0,2015.10,0,0,0
3321,53,63,1,15.8,2015.10,0,0,0
3322,55,66,1,10.4,2015.10,0,0,0
3323,40,48,1,42.45,2015.10,0,0,0
3324,48,57,1,10.5,2015.10,0,0,0
3325,55,66,1,18.9,2015.10,0,0,0
3326,55,66,1,16.5,2015.10,0,0,0
3327,55,66,1,57.3,2015.10,0,0,0
3329,32,38,2,32.0,2015.10,22,11,1
3331,47,56,2,28.9,2015.10,7,3,1
3333,7,7,8,32.7,2015.10,46,5,1
3335,24,26,3,44.5,2015.10,30,10,1
3336,54,64,1,49.6,2015.10,0,0,0
3337,2,2,7,120.75,2015.10,52,7,1
3340,5,5,4,105.55,2015.10,49,12,1
3342,54,64,1,17.25,2015.10,0,0,0
3344,54,64,1,1.25,2015.10,0,0,0
3345,54,64,1,1.25,2015.10,0,0,0
3347,1,1,45,2826.4,2015.10,52,1,1
3349,27,29,3,86.8,2015.10,19,6,1
3350,53,63,1,72.0,2015.10,0,0,0
3351,15,15,2,33.9,2015.10,38,19,1
3353,3,3,12,226.2,2015.10,50,4,1
3354,34,40,2,140.35000000000002,2015.10,19,9,1
3357,53,63,1,15.25,2015.10,0,0,0
3360,52,62,1,28.9,2015.10,0,0,0
3361,19,20,2,16.0,2015.10,33,16,1
3362,48,57,1,78.7,2015.10,0,0,0
3363,52,62,1,17.9,2015.10,0,0,0
3364,20,22,3,96.0,2015.10,32,10,1
3365,47,56,1,48.9,2015.10,0,0,0
3368,52,62,1,15.9,2015.10,0,0,0
3371,16,17,2,38.7,2015.10,36,18,1
3374,51,61,1,31.0,2015.10,0,0,0
3375,51,61,1,13.0,2015.10,0,0,0
3376,32,38,4,780.8,2015.10,19,4,1
3377,47,56,2,31.9,2015.10,4,2,1
3382,50,60,1,93.5,2015.10,0,0,0
3383,36,43,4,71.6,2015.10,14,3,1
3384,1,1,5,159.7,2015.10,49,9,1
3385,50,60,1,13.0,2015.10,0,0,0
3386,33,39,3,118.2,2015.10,17,5,1
3387,20,22,3,79.8,2015.10,30,10,1
3388,50,60,1,13.5,2015.10,0,0,0
3389,49,58,1,14.6,2015.10,0,0,0
3390,46,55,1,13.5,2015.10,0,0,0
3391,24,26,2,185.3,2015.10,25,12,1
3395,47,56,2,42.8,2015.10,2,1,1
3397,48,57,1,115.11,2015.10,0,0,0
3398,36,43,1,10.5,2015.10,0,0,0
3399,5,5,3,144.0,2015.10,43,14,1
3401,48,57,1,107.0,2015.10,0,0,0
3403,48,57,1,12.9,2015.10,0,0,0
3404,48,57,1,3.0,2015.10,0,0,0
3405,23,25,3,71.65,2015.10,25,8,1
3406,36,43,2,50.9,2015.10,12,6,1
3407,48,57,1,15.9,2015.10,0,0,0
3408,48,57,1,13.5,2015.10,0,0,0
3412,16,17,1,53.8,2015.10,0,0,0
3413,47,56,1,301.5,2015.10,0,0,0
3414,19,20,2,124.5,2015.10,28,14,1
3415,19,20,2,53.25,2015.10,28,14,1
3416,47,56,1,28.7,2015.10,0,0,0
3417,26,28,2,34.3,2015.10,21,10,1
3419,47,56,1,22.0,2015.10,0,0,0
3421,32,38,3,79.75,2015.10,14,4,1
3424,46,55,1,11.5,2015.10,0,0,0
3427,17,18,2,153.3,2015.10,28,14,1
3429,26,28,1,24.55,2015.10,0,0,0
3430,43,51,1,22.3,2015.10,0,0,0
3431,8,8,7,1659.1,2015.10,37,5,1
3432,45,54,1,175.5,2015.10,0,0,0
3433,5,5,6,96.0,2015.10,39,6,1
3436,41,49,2,39.7,2015.10,3,1,1
3438,44,52,1,15.9,2015.10,0,0,0
3440,44,52,1,2.9,2015.10,0,0,0
3444,43,51,1,22.0,2015.10,0,0,0
3445,42,50,1,20.75,2015.10,0,0,0
3448,42,50,1,39.7,2015.10,0,0,0
3450,26,28,2,47.0,2015.10,15,7,1
3451,41,49,1,29.25,2015.10,0,0,0
3452,41,49,1,13.0,2015.10,0,0,0
3453,41,49,1,11.25,2015.10,0,0,0
3454,6,6,5,116.47,2015.10,35,7,1
3455,12,12,3,40.3,2015.10,27,9,1
3457,20,22,2,45.2,2015.10,21,10,1
3459,25,27,2,74.8,2015.10,14,7,1
3460,38,45,1,87.2,2015.10,0,0,0
3465,2,2,1,34.2,2015.10,0,0,0
3466,40,48,1,10.4,2015.10,0,0,0
3468,40,48,1,2.9,2015.10,0,0,0
3471,40,48,1,12.5,2015.10,0,0,0
3472,36,43,1,26.9,2015.10,0,0,0
3474,2,2,7,5.7,2015.10,38,5,1
3477,39,46,1,19.5,2015.10,0,0,0
3478,3,3,4,52.5,2015.10,35,8,1
3479,3,3,3,57.650000000000006,2015.10,27,9,1
3480,39,46,1,13.15,2015.10,0,0,0
3481,1,1,7,0.0,2015.10,37,5,1
3483,38,45,1,10.25,2015.10,0,0,0
3484,35,42,1,21.4,2015.10,0,0,0
3486,13,13,5,0.0,2015.10,22,4,1
3487,37,44,1,36.7,2015.10,0,0,0
3489,37,44,1,126.0,2015.10,0,0,0
3490,13,13,3,51.9,2015.10,24,8,1
3492,37,44,1,10.0,2015.10,0,0,0
3493,37,44,1,22.0,2015.10,0,0,0
3495,37,44,1,25.3,2015.10,0,0,0
3497,37,44,1,40.5,2015.10,0,0,0
3501,36,43,1,24.7,2015.10,0,0,0
3502,6,6,2,51.1,2015.10,30,15,1
3503,36,43,1,13.5,2015.10,0,0,0
3505,3,3,6,110.8,2015.10,33,5,1
3506,30,33,1,13.5,2015.10,0,0,0
3508,4,4,6,2.7,2015.10,31,5,1
3510,28,30,1,37.35,2015.10,0,0,0
3514,34,40,1,19.0,2015.10,0,0,0
3515,34,40,1,33.25,2015.10,0,0,0
3516,34,40,1,27.45,2015.10,0,0,0
3518,34,40,1,12.0,2015.10,0,0,0
3519,34,40,1,12.0,2015.10,0,0,0
3520,15,15,2,31.55,2015.10,17,8,1
3521,10,10,5,16.0,2015.10,24,4,1
3522,34,40,1,13.0,2015.10,0,0,0
3523,7,7,3,71.3,2015.10,27,9,1
3524,34,40,1,25.3,2015.10,0,0,0
3525,4,4,6,0.0,2015.10,30,5,1
3527,24,26,2,29.5,2015.10,9,4,1
3528,33,39,1,22.5,2015.10,0,0,0
3529,12,12,4,7.95,2015.10,21,5,1
3530,33,39,1,75.5,2015.10,0,0,0
3531,33,39,1,18.9,2015.10,0,0,0
3532,12,12,2,595.79,2015.10,21,10,1
3533,14,14,2,45.2,2015.10,19,9,1
3534,33,39,1,82.1,2015.10,0,0,0
3535,13,13,2,56.5,2015.10,19,9,1
3536,32,38,1,17.25,2015.10,0,0,0
3538,5,5,5,1844.6,2015.10,27,5,1
3540,32,38,1,12.9,2015.10,0,0,0
3542,32,38,1,32.0,2015.10,0,0,0
3543,2,2,2,34.8,2015.10,30,15,1
3545,21,23,1,22.0,2015.10,0,0,0
3547,32,38,2,13.64,2015.10,0,0,0
3548,6,6,3,48.0,2015.10,24,8,1
3549,31,37,1,47.2,2015.10,0,0,0
3552,31,37,1,12.0,2015.10,0,0,0
3556,31,37,1,11.0,2015.10,0,0,0
3557,31,37,1,31.25,2015.10,0,0,0
3559,8,8,5,41.8,2015.10,22,4,1
3561,20,22,1,66.6,2015.10,0,0,0
3562,12,12,2,41.75,2015.10,18,9,1
3565,29,31,1,45.3,2015.10,0,0,0
3568,12,12,3,65.75,2015.10,17,5,1
3569,8,8,2,52.6,2015.10,13,6,1
3570,3,3,6,28.9,2015.10,26,4,1
3573,29,31,1,35.7,2015.10,0,0,0
3575,1,1,1,10.5,2015.10,0,0,0
3582,28,30,1,13.5,2015.10,0,0,0
3584,28,30,1,16.0,2015.10,0,0,0
3585,24,26,1,23.0,2015.10,0,0,0
3586,28,30,1,36.8,2015.10,0,0,0
3587,2,2,3,118.8,2015.10,26,8,1
3590,19,20,2,51.6,2015.10,8,4,1
3591,27,29,1,18.3,2015.10,0,0,0
3593,19,20,2,53.5,2015.10,8,4,1
3597,26,28,1,99.1,2015.10,0,0,0
3598,26,28,1,30.8,2015.10,0,0,0
3599,26,28,1,14.0,2015.10,0,0,0
3600,26,28,1,25.8,2015.10,0,0,0
3602,11,11,1,15.54,2015.10,0,0,0
3603,26,28,1,18.0,2015.10,0,0,0
3604,26,28,1,19.75,2015.10,0,0,0
3605,26,28,1,107.0,2015.10,0,0,0
3606,17,18,2,29.5,2015.10,8,4,1
3607,8,8,4,51.98,2015.10,17,4,1
3608,25,27,1,12.98,2015.10,0,0,0
3609,25,27,1,12.0,2015.10,0,0,0
3612,25,27,1,159.7,2015.10,0,0,0
3614,24,26,1,13.41,2015.10,0,0,0
3615,24,26,1,19.5,2015.10,0,0,0
3616,13,13,2,45.5,2015.10,11,5,1
3617,24,26,1,21.8,2015.10,0,0,0
3618,7,7,2,29.5,2015.10,17,8,1
3619,24,26,1,14.65,2015.10,0,0,0
3620,24,26,2,39.55,2015.10,0,0,0
3621,6,6,3,61.5,2015.10,18,6,1
3622,24,26,1,12.9,2015.10,0,0,0
3623,9,9,3,56.75,2015.10,15,5,1
3624,5,5,3,49.75,2015.10,19,6,1
3625,23,25,1,18.9,2015.10,0,0,0
3627,1,1,5,56.67,2015.10,22,4,1
3629,21,23,1,11.5,2015.10,0,0,0
3631,23,25,1,13.5,2015.10,0,0,0
3632,5,5,1,20.9,2015.10,0,0,0
3633,23,25,1,32.75,2015.10,0,0,0
3635,22,24,1,40.4,2015.10,0,0,0
3637,22,24,1,44.0,2015.10,0,0,0
3638,22,24,1,109.8,2015.10,0,0,0
3639,21,23,1,72.75,2015.10,0,0,0
3641,4,4,3,12.5,2015.10,17,5,1
3643,16,17,2,46.9,2015.10,5,2,1
3645,21,23,1,13.5,2015.10,0,0,0
3646,20,22,1,18.0,2015.10,0,0,0
3647,7,7,3,286.2,2015.10,13,4,1
3649,20,22,1,72.6,2015.10,0,0,0
3650,20,22,1,50.0,2015.10,0,0,0
3652,4,4,2,67.7,2015.10,15,7,1
3653,7,7,2,137.4,2015.10,0,0,0
3655,16,17,1,12.0,2015.10,0,0,0
3656,6,6,1,12.5,2015.10,0,0,0
3659,19,20,1,12.9,2015.10,0,0,0
3661,19,20,1,49.5,2015.10,0,0,0
3662,19,20,1,128.8,2015.10,0,0,0
3664,18,19,1,29.0,2015.10,0,0,0
3665,18,19,1,38.7,2015.10,0,0,0
3667,18,19,1,27.25,2015.10,0,0,0
3669,18,19,1,14.0,2015.10,0,0,0
3670,16,17,1,12.0,2015.10,0,0,0
3673,17,18,1,16.0,2015.10,0,0,0
3674,17,18,1,24.0,2015.10,0,0,0
3675,13,13,1,12.9,2015.10,0,0,0
3676,16,17,1,15.5,2015.10,0,0,0
3677,16,17,1,26.0,2015.10,0,0,0
3681,16,17,1,44.7,2015.10,0,0,0
3682,16,17,1,92.7,2015.10,0,0,0
3686,15,15,1,12.5,2015.10,0,0,0
3687,15,15,1,16.2,2015.10,0,0,0
3689,15,15,1,14.3,2015.10,0,0,0
3691,15,15,1,13.5,2015.10,0,0,0
3692,6,6,2,17.9,2015.10,8,4,1
3693,14,14,1,33.3,2015.10,0,0,0
3695,8,8,1,114.7,2015.10,0,0,0
3697,14,14,1,11.25,2015.10,0,0,0
3702,13,13,1,19.0,2015.10,0,0,0
3706,13,13,1,16.0,2015.10,0,0,0
3710,12,12,1,22.0,2015.10,0,0,0
3711,12,12,1,11.15,2015.10,0,0,0
3713,11,11,1,22.0,2015.10,0,0,0
3717,10,10,1,1.25,2015.10,0,0,0
3718,11,11,1,16.0,2015.10,0,0,0
3720,7,7,2,30.0,2015.10,3,1,1
3724,3,3,3,55.95,2015.10,7,2,1
3728,9,9,1,23.5,2015.10,0,0,0
3729,9,9,1,19.75,2015.10,0,0,0
3731,9,9,1,19.4,2015.10,0,0,0
3734,6,6,2,30.0,2015.10,3,1,1
3735,9,9,1,32.3,2015.10,0,0,0
3737,8,8,1,22.9,2015.10,0,0,0
3738,8,8,1,12.0,2015.10,0,0,0
3740,8,8,1,18.98,2015.10,0,0,0
3742,7,7,1,14.0,2015.10,0,0,0
3743,4,4,2,27.65,2015.10,3,1,1
3745,6,6,1,56.6,2015.10,0,0,0
3747,6,6,1,20.8,2015.10,0,0,0
3751,6,6,1,18.6,2015.10,0,0,0
3752,5,5,1,18.5,2015.10,0,0,0
3753,6,6,1,49.3,2015.10,0,0,0
3755,5,5,1,157.7,2015.10,0,0,0
3756,5,5,1,24.0,2015.10,0,0,0
3757,5,5,1,57.5,2015.10,0,0,0
3758,5,5,1,38.4,2015.10,0,0,0
3760,5,5,1,43.15,2015.10,0,0,0
3761,5,5,1,127.7,2015.10,0,0,0
3762,4,4,1,14.0,2015.10,0,0,0
3764,4,4,1,15.8,2015.10,0,0,0
3765,3,3,1,25.5,2015.10,0,0,0
3767,3,3,1,22.0,2015.10,0,0,0
3768,3,3,1,32.0,2015.10,0,0,0
3771,2,2,1,67.4,2015.10,0,0,0
3773,2,2,1,11.25,2015.10,0,0,0
3776,2,2,1,56.75,2015.10,0,0,0
3778,1,1,1,14.9,2015.10,0,0,0
3779,2,2,1,13.5,2015.10,0,0,0
3780,2,2,1,24.0,2015.10,0,0,0
3781,1,1,1,14.9,2015.10,0,0,0
6086,295,531,1,16.0,2015.10,0,0,0
16082,16,17,8,113.25,2015.10,224,28,1
